window_start_ns,total_events,label,sc_mmap,sc_clock_gettime,sc_close,sc_read,sc_mprotect,sc_switch,sc_open,sc_fstat,sc_access,sc_brk,sc_rt_sigaction,sc_futex,sc_times,sc_stat,sc_lstat,sc_munmap,sc_dup,sc_arch_prctl,sc_execve,sc_gettimeofday,sc_write,sc_procexit,sc_geteuid,sc_getppid,sc_exit_group,sc_getpid,sc_epoll_ctl,sc_epoll_wait,sc_rt_sigprocmask,sc_clone,sc_setsid,sc_ioctl,sc_wait4,sc_uname,sc_statfs,sc_signaldeliver,sc_chdir,sc_sigreturn,sc_recvfrom,sc_getpeername,sc_getsockname,sc_socket,sc_connect,sc_setsockopt,sc_sendto,sc_sched_yield,sc_select,sc_pread,sc_io_getevents,sc_getcwd,sc_lseek,sc_gettid,sc_set_robust_list,sc_fcntl,sc_pwrite,sc_getdents,sc_container,sc_openat,sc_sigaltstack,sc_getrlimit,sc_fsync,sc_unlink,sc_set_tid_address,sc_sched_getaffinity,sc_setrlimit,sc_madvise,sc_exit,bg_clock_gettime_clock_gettime,bg_mmap_mmap,bg_fstat_mmap,bg_times_times,bg_access_open,bg_mmap_close,bg_mprotect_mprotect,bg_read_read,bg_open_fstat,bg_clock_gettime_futex,bg_rt_sigaction_rt_sigaction,bg_lstat_lstat,bg_futex_switch,bg_brk_brk,bg_mmap_mprotect,bg_close_access,bg_mmap_arch_prctl,bg_mprotect_munmap,bg_mprotect_mmap,bg_read_fstat,bg_mmap_access,bg_open_read,bg_access_mmap,bg_close_mmap,bg_brk_access,bg_arch_prctl_mprotect,bg_execve_brk,bg_switch_clock_gettime,bg_futex_clock_gettime,bg_close_close,bg_rt_sigaction_geteuid,bg_getpid_rt_sigaction,bg_close_munmap,bg_stat_stat,bg_getppid_stat,bg_dup_dup,bg_brk_getppid,bg_geteuid_brk,bg_munmap_getpid,bg_gettimeofday_gettimeofday,bg_exit_group_procexit,bg_switch_read,bg_read_switch,bg_rt_sigaction_read,bg_close_open,bg_mmap_read,bg_read_close,bg_ioctl_rt_sigaction,bg_uname_statfs,bg_fstat_close,bg_close_exit_group,bg_close_rt_sigprocmask,bg_statfs_stat,bg_rt_sigprocmask_execve,bg_dup_setsid,bg_stat_uname,bg_read_clone,bg_signaldeliver_sigreturn,bg_lstat_stat,bg_munmap_close,bg_stat_ioctl,bg_stat_rt_sigaction,bg_dup_close,bg_rt_sigaction_execve,bg_mmap_write,bg_stat_fstat,bg_brk_open,bg_munmap_lstat,bg_sigreturn_write,bg_procexit_signaldeliver,bg_chdir_dup,bg_close_execve,bg_munmap_brk,bg_setsid_close,bg_wait4_switch,bg_write_switch,bg_write_read,bg_switch_open,bg_switch_futex,bg_open_dup,bg_clone_wait4,bg_read_chdir,bg_switch_exit_group,bg_epoll_wait_switch,bg_switch_close,bg_clock_gettime_socket,bg_getsockname_getpeername,bg_epoll_ctl_close,bg_setsockopt_connect,bg_connect_epoll_ctl,bg_socket_setsockopt,bg_futex_futex,bg_getpeername_clock_gettime,bg_procexit_clock_gettime,bg_epoll_ctl_getsockname,bg_recvfrom_switch,bg_clock_gettime_write,bg_read_futex,bg_gettimeofday_sendto,bg_gettimeofday_recvfrom,bg_clock_gettime_gettimeofday,bg_epoll_wait_epoll_wait,bg_switch_recvfrom,bg_switch_epoll_wait,bg_clock_gettime_read,bg_recvfrom_clock_gettime,bg_switch_switch,bg_clock_gettime_epoll_ctl,bg_switch_procexit,bg_exit_group_switch,bg_close_clock_gettime,bg_futex_read,bg_clock_gettime_epoll_wait,bg_read_clock_gettime,bg_clock_gettime_sched_yield,bg_switch_brk,bg_sched_yield_clock_gettime,bg_write_close,bg_sendto_gettimeofday,bg_select_switch,bg_write_clock_gettime,bg_execve_switch,bg_close_futex,bg_switch_gettimeofday,bg_clock_gettime_stat,bg_read_epoll_ctl,bg_sendto_switch,bg_read_exit_group,bg_procexit_read,bg_switch_select,bg_epoll_ctl_switch,bg_switch_chdir,bg_clock_gettime_switch,bg_stat_clock_gettime,bg_switch_getsockname,bg_switch_mprotect,bg_switch_dup,bg_procexit_select,bg_futex_epoll_wait,bg_procexit_futex,bg_epoll_wait_clock_gettime,bg_stat_futex,bg_munmap_switch,bg_close_switch,bg_getpeername_epoll_ctl,bg_open_switch,bg_arch_prctl_switch,bg_switch_mmap,bg_procexit_switch,bg_mmap_switch,tg_times_times_times,tg_clock_gettime_clock_gettime_clock_gettime,tg_open_fstat_mmap,tg_read_read_read,tg_close_access_open,tg_mmap_close_access,tg_fstat_mmap_close,tg_fstat_mmap_mprotect,tg_mmap_mprotect_mmap,tg_read_fstat_mmap,tg_mmap_mmap_arch_prctl,tg_access_open_read,tg_mprotect_mprotect_munmap,tg_mmap_mmap_mmap,tg_lstat_lstat_lstat,tg_open_read_fstat,tg_mmap_access_open,tg_access_open_fstat,tg_access_mmap_access,tg_mprotect_mmap_mmap,tg_mmap_mmap_close,tg_close_mmap_mmap,tg_mmap_close_mmap,tg_brk_access_mmap,tg_mprotect_mprotect_mprotect,tg_mmap_arch_prctl_mprotect,tg_arch_prctl_mprotect_mprotect,tg_execve_brk_access,tg_clock_gettime_futex_switch,tg_rt_sigaction_rt_sigaction_rt_sigaction,tg_getpid_rt_sigaction_geteuid,tg_brk_brk_getppid,tg_getppid_stat_stat,tg_brk_getppid_stat,tg_rt_sigaction_geteuid_brk,tg_geteuid_brk_brk,tg_munmap_getpid_rt_sigaction,tg_mprotect_munmap_getpid,tg_clock_gettime_clock_gettime_futex,tg_futex_clock_gettime_clock_gettime,tg_futex_switch_clock_gettime,tg_switch_clock_gettime_futex,tg_clock_gettime_futex_clock_gettime,tg_gettimeofday_gettimeofday_gettimeofday,tg_rt_sigaction_rt_sigaction_read,tg_close_close_close,tg_ioctl_rt_sigaction_rt_sigaction,tg_close_close_rt_sigprocmask,tg_uname_statfs_stat,tg_fstat_mmap_read,tg_read_close_munmap,tg_close_rt_sigprocmask_execve,tg_rt_sigaction_read_clone,tg_fstat_close_open,tg_stat_uname_statfs,tg_close_munmap_close,tg_dup_dup_setsid,tg_stat_ioctl_rt_sigaction,tg_munmap_close_exit_group,tg_stat_rt_sigaction_rt_sigaction,tg_lstat_lstat_stat,tg_rt_sigaction_rt_sigaction_execve,tg_stat_stat_ioctl,tg_lstat_stat_uname,tg_dup_dup_dup,tg_open_fstat_close,tg_stat_stat_rt_sigaction,tg_fstat_mmap_write,tg_stat_fstat_mmap,tg_statfs_stat_fstat,tg_brk_brk_open,tg_close_munmap_lstat,tg_munmap_lstat_lstat,tg_brk_open_fstat,tg_mmap_read_read,tg_signaldeliver_sigreturn_write,tg_read_read_close,tg_procexit_signaldeliver_sigreturn,tg_close_open_fstat,tg_chdir_dup_dup,tg_dup_close_execve,tg_close_exit_group_procexit,tg_munmap_brk_brk,tg_mprotect_munmap_brk,tg_setsid_close_close,tg_exit_group_procexit_signaldeliver,tg_dup_setsid_close,tg_rt_sigprocmask_execve_brk,tg_open_dup_close,tg_switch_open_dup,tg_close_execve_brk,tg_switch_read_read,tg_read_clone_wait4,tg_wait4_switch_open,tg_rt_sigaction_execve_brk,tg_clone_wait4_switch,tg_read_chdir_dup,tg_read_read_chdir,tg_write_read_switch,tg_read_switch_exit_group,proc_sh,proc_df,proc_user,proc_erl_child_setup,proc_mysqld,proc_mongod,proc_container:011fdbdbf777,proc_container:95cf5d7c594f,proc_container:f8cd5974589d,proc_container:7aeb4e77cfbf
1780278279710024397,162,0,0.0,0.2469135820865631,0.03703703731298447,0.09876543283462524,0.0,0.12345679104328156,0.03703703731298447,0.012345679104328156,0.0,0.0,0.0,0.2469135820865631,0.0,0.0,0.0,0.0,0.0,0.0,0.0,0.0,0.06172839552164078,0.0,0.0,0.0,0.0,0.0,0.0,0.07407407462596893,0.0,0.0,0.0,0.0,0.0,0.0,0.0,0.0,0.0,0.0,0.0,0.0,0.0,0.0,0.0,0.0,0.0,0.0,0.0,0.0,0.0,0.0,0.0,0.0,0.0,0.02469135820865631,0.0,0.0,0.0,0.0,0.0,0.0,0.0,0.0,0.0,0.0,0.0,0.0,0.0,0.1666666716337204,0.0,0.0,0.0,0.0,0.0,0.0,0.043209876865148544,0.0,0.006172839552164078,0.0,0.0,0.1111111119389534,0.0,0.0,0.0,0.0,0.0,0.0,0.0,0.0,0.006172839552164078,0.0,0.0,0.0,0.0,0.0,0.02469135820865631,0.012345679104328156,0.018518518656492233,0.0,0.0,0.0,0.0,0.0,0.0,0.0,0.0,0.0,0.0,0.0,0.0,0.0,0.0,0.0,0.0,0.006172839552164078,0.0,0.0,0.0,0.0,0.0,0.0,0.0,0.0,0.0,0.0,0.0,0.0,0.0,0.0,0.0,0.0,0.0,0.0,0.0,0.0,0.0,0.0,0.0,0.0,0.0,0.0,0.0,0.0,0.0,0.0,0.0,0.08641975373029709,0.0,0.0,0.0,0.0,0.012345679104328156,0.0,0.0,0.0,0.0,0.0,0.0,0.0,0.08641975373029709,0.0,0.0,0.0,0.0,0.0,0.02469135820865631,0.0,0.0,0.0,0.02469135820865631,0.0,0.006172839552164078,0.03086419776082039,0.0,0.0,0.0,0.0,0.0,0.0,0.012345679104328156,0.03703703731298447,0.006172839552164078,0.0,0.0,0.0,0.0,0.0,0.0,0.0,0.0,0.006172839552164078,0.0,0.0,0.0,0.0,0.0,0.0,0.0,0.0,0.0,0.0,0.0,0.0,0.0,0.0,0.0,0.0,0.0,0.03703703731298447,0.0,0.0,0.0,0.0,0.0,0.0,0.0,0.0,0.0,0.0,0.08641975373029709,0.0,0.0,0.0,0.0,0.0,0.0,0.0,0.0,0.0,0.0,0.0,0.0,0.0,0.0,0.0,0.0,0.0,0.0,0.0,0.0,0.0,0.0,0.0,0.0,0.0,0.0,0.0,0.0,0.0,0.0,0.0,0.0,0.0,0.0,0.0,0.0,0.006172839552164078,0.012345679104328156,0.02469135820865631,0.0,0.0,0.0,0.0,0.0,0.0,0.0,0.0,0.0,0.0,0.0,0.0,0.0,0.0,0.0,0.0,0.0,0.0,0.0,0.0,0.0,0.0,0.0,0.0,0.0,0.0,0.0,0.0,0.0,0.0,0.0,0.0,0.0,0.0,0.0,0.0,0.0,0.0,0.0,0.0,0.0,0.0,0.0,0.0,0.0,0.0,0.0,0.0,0.0,0.0,0.0,0.0,0.0,0.0,0.0,0.0,0.0,0.0,0.0,0.0,0.0,0.0,0.0,0.0,0.0,0.0,0.0,0.0,0.0
1780278284710024397,0,0,0.0,0.0,0.0,0.0,0.0,0.0,0.0,0.0,0.0,0.0,0.0,0.0,0.0,0.0,0.0,0.0,0.0,0.0,0.0,0.0,0.0,0.0,0.0,0.0,0.0,0.0,0.0,0.0,0.0,0.0,0.0,0.0,0.0,0.0,0.0,0.0,0.0,0.0,0.0,0.0,0.0,0.0,0.0,0.0,0.0,0.0,0.0,0.0,0.0,0.0,0.0,0.0,0.0,0.0,0.0,0.0,0.0,0.0,0.0,0.0,0.0,0.0,0.0,0.0,0.0,0.0,0.0,0.0,0.0,0.0,0.0,0.0,0.0,0.0,0.0,0.0,0.0,0.0,0.0,0.0,0.0,0.0,0.0,0.0,0.0,0.0,0.0,0.0,0.0,0.0,0.0,0.0,0.0,0.0,0.0,0.0,0.0,0.0,0.0,0.0,0.0,0.0,0.0,0.0,0.0,0.0,0.0,0.0,0.0,0.0,0.0,0.0,0.0,0.0,0.0,0.0,0.0,0.0,0.0,0.0,0.0,0.0,0.0,0.0,0.0,0.0,0.0,0.0,0.0,0.0,0.0,0.0,0.0,0.0,0.0,0.0,0.0,0.0,0.0,0.0,0.0,0.0,0.0,0.0,0.0,0.0,0.0,0.0,0.0,0.0,0.0,0.0,0.0,0.0,0.0,0.0,0.0,0.0,0.0,0.0,0.0,0.0,0.0,0.0,0.0,0.0,0.0,0.0,0.0,0.0,0.0,0.0,0.0,0.0,0.0,0.0,0.0,0.0,0.0,0.0,0.0,0.0,0.0,0.0,0.0,0.0,0.0,0.0,0.0,0.0,0.0,0.0,0.0,0.0,0.0,0.0,0.0,0.0,0.0,0.0,0.0,0.0,0.0,0.0,0.0,0.0,0.0,0.0,0.0,0.0,0.0,0.0,0.0,0.0,0.0,0.0,0.0,0.0,0.0,0.0,0.0,0.0,0.0,0.0,0.0,0.0,0.0,0.0,0.0,0.0,0.0,0.0,0.0,0.0,0.0,0.0,0.0,0.0,0.0,0.0,0.0,0.0,0.0,0.0,0.0,0.0,0.0,0.0,0.0,0.0,0.0,0.0,0.0,0.0,0.0,0.0,0.0,0.0,0.0,0.0,0.0,0.0,0.0,0.0,0.0,0.0,0.0,0.0,0.0,0.0,0.0,0.0,0.0,0.0,0.0,0.0,0.0,0.0,0.0,0.0,0.0,0.0,0.0,0.0,0.0,0.0,0.0,0.0,0.0,0.0,0.0,0.0,0.0,0.0,0.0,0.0,0.0,0.0,0.0,0.0,0.0,0.0,0.0,0.0,0.0,0.0,0.0,0.0,0.0,0.0,0.0,0.0,0.0,0.0,0.0,0.0,0.0,0.0,0.0,0.0,0.0,0.0,0.0,0.0,0.0,0.0,0.0
1780278289710024397,197,0,0.0,0.2639593780040741,0.030456852167844772,0.08121827244758606,0.0,0.14720812439918518,0.030456852167844772,0.010152284055948257,0.0,0.0,0.0,0.2639593780040741,0.0,0.0,0.0,0.0,0.0,0.0,0.0,0.0,0.05076142027974129,0.0,0.0,0.0,0.0,0.0,0.0,0.060913704335689545,0.0,0.0,0.0,0.0,0.0,0.0,0.0,0.0,0.0,0.0,0.0,0.0,0.0,0.0,0.0,0.0,0.0,0.0,0.0,0.0,0.0,0.0,0.0,0.0,0.0,0.020304568111896515,0.0,0.0,0.0,0.0,0.0,0.0,0.0,0.0,0.0,0.0,0.0,0.010152284055948257,0.0,0.17766498029232025,0.0,0.0,0.0,0.0,0.0,0.0,0.04060913622379303,0.0,0.010152284055948257,0.0,0.0,0.12182740867137909,0.0,0.0,0.0,0.0,0.0,0.0,0.0,0.0,0.005076142027974129,0.0,0.0,0.0,0.0,0.0,0.030456852167844772,0.010152284055948257,0.015228426083922386,0.0,0.0,0.0,0.0,0.0,0.0,0.0,0.0,0.0,0.0,0.0,0.005076142027974129,0.005076142027974129,0.0,0.0,0.0,0.005076142027974129,0.0,0.0,0.0,0.0,0.0,0.0,0.0,0.0,0.0,0.0,0.0,0.0,0.0,0.0,0.0,0.0,0.0,0.0,0.0,0.0,0.0,0.0,0.0,0.0,0.0,0.0,0.0,0.0,0.0,0.0,0.0,0.10659898817539215,0.0,0.0,0.0,0.0,0.010152284055948257,0.0,0.0,0.0,0.0,0.0,0.0,0.0,0.0964467003941536,0.0,0.0,0.0,0.0,0.0,0.015228426083922386,0.0,0.0,0.0,0.020304568111896515,0.0,0.0,0.020304568111896515,0.0,0.0,0.0,0.0,0.0,0.005076142027974129,0.010152284055948257,0.030456852167844772,0.005076142027974129,0.0,0.0,0.0,0.0,0.0,0.0,0.0,0.0,0.005076142027974129,0.0,0.0,0.0,0.0,0.0,0.0,0.0,0.0,0.0,0.010152284055948257,0.0,0.0,0.0,0.0,0.0,0.005076142027974129,0.0,0.030456852167844772,0.0,0.0,0.0,0.0,0.0,0.0,0.0,0.0,0.0,0.0,0.09137056022882462,0.0,0.0,0.0,0.0,0.0,0.0,0.0,0.0,0.0,0.0,0.0,0.0,0.0,0.0,0.0,0.0,0.0,0.0,0.0,0.0,0.0,0.0,0.0,0.0,0.0,0.0,0.005076142027974129,0.0,0.0,0.0,0.0,0.0,0.0,0.0,0.0,0.0,0.010152284055948257,0.010152284055948257,0.025380710139870644,0.0,0.0,0.0,0.0,0.0,0.0,0.0,0.0,0.0,0.0,0.0,0.0,0.0,0.0,0.0,0.0,0.0,0.0,0.0,0.0,0.0,0.0,0.0,0.0,0.0,0.0,0.0,0.0,0.0,0.0,0.0,0.0,0.0,0.0,0.0,0.005076142027974129,0.0,0.0,0.0,0.0,0.0,0.0,0.0,0.0,0.0,0.0,0.0,0.0,0.0,0.0,0.005076142027974129,0.0,0.0,0.0,0.0,0.0,0.0,0.0,0.0,0.0,0.0,0.0,0.0,0.0,0.0,0.0,0.0,0.0,0.0
1780278294710024397,0,0,0.0,0.0,0.0,0.0,0.0,0.0,0.0,0.0,0.0,0.0,0.0,0.0,0.0,0.0,0.0,0.0,0.0,0.0,0.0,0.0,0.0,0.0,0.0,0.0,0.0,0.0,0.0,0.0,0.0,0.0,0.0,0.0,0.0,0.0,0.0,0.0,0.0,0.0,0.0,0.0,0.0,0.0,0.0,0.0,0.0,0.0,0.0,0.0,0.0,0.0,0.0,0.0,0.0,0.0,0.0,0.0,0.0,0.0,0.0,0.0,0.0,0.0,0.0,0.0,0.0,0.0,0.0,0.0,0.0,0.0,0.0,0.0,0.0,0.0,0.0,0.0,0.0,0.0,0.0,0.0,0.0,0.0,0.0,0.0,0.0,0.0,0.0,0.0,0.0,0.0,0.0,0.0,0.0,0.0,0.0,0.0,0.0,0.0,0.0,0.0,0.0,0.0,0.0,0.0,0.0,0.0,0.0,0.0,0.0,0.0,0.0,0.0,0.0,0.0,0.0,0.0,0.0,0.0,0.0,0.0,0.0,0.0,0.0,0.0,0.0,0.0,0.0,0.0,0.0,0.0,0.0,0.0,0.0,0.0,0.0,0.0,0.0,0.0,0.0,0.0,0.0,0.0,0.0,0.0,0.0,0.0,0.0,0.0,0.0,0.0,0.0,0.0,0.0,0.0,0.0,0.0,0.0,0.0,0.0,0.0,0.0,0.0,0.0,0.0,0.0,0.0,0.0,0.0,0.0,0.0,0.0,0.0,0.0,0.0,0.0,0.0,0.0,0.0,0.0,0.0,0.0,0.0,0.0,0.0,0.0,0.0,0.0,0.0,0.0,0.0,0.0,0.0,0.0,0.0,0.0,0.0,0.0,0.0,0.0,0.0,0.0,0.0,0.0,0.0,0.0,0.0,0.0,0.0,0.0,0.0,0.0,0.0,0.0,0.0,0.0,0.0,0.0,0.0,0.0,0.0,0.0,0.0,0.0,0.0,0.0,0.0,0.0,0.0,0.0,0.0,0.0,0.0,0.0,0.0,0.0,0.0,0.0,0.0,0.0,0.0,0.0,0.0,0.0,0.0,0.0,0.0,0.0,0.0,0.0,0.0,0.0,0.0,0.0,0.0,0.0,0.0,0.0,0.0,0.0,0.0,0.0,0.0,0.0,0.0,0.0,0.0,0.0,0.0,0.0,0.0,0.0,0.0,0.0,0.0,0.0,0.0,0.0,0.0,0.0,0.0,0.0,0.0,0.0,0.0,0.0,0.0,0.0,0.0,0.0,0.0,0.0,0.0,0.0,0.0,0.0,0.0,0.0,0.0,0.0,0.0,0.0,0.0,0.0,0.0,0.0,0.0,0.0,0.0,0.0,0.0,0.0,0.0,0.0,0.0,0.0,0.0,0.0,0.0,0.0,0.0,0.0,0.0,0.0,0.0,0.0,0.0,0.0
1780278299710024397,157,0,0.0,0.25477707386016846,0.03821656107902527,0.10191082954406738,0.0,0.12101911008358002,0.03821656107902527,0.012738853693008423,0.0,0.0,0.0,0.2292993664741516,0.0,0.0,0.0,0.0,0.0,0.0,0.0,0.0,0.06369426846504211,0.0,0.0,0.0,0.0,0.0,0.0,0.07643312215805054,0.0,0.0,0.0,0.0,0.0,0.0,0.0,0.0,0.0,0.0,0.0,0.0,0.0,0.0,0.0,0.0,0.0,0.0,0.0,0.0,0.0,0.0,0.0,0.0,0.0,0.025477707386016846,0.0,0.0,0.0,0.0,0.0,0.0,0.0,0.0,0.0,0.0,0.0,0.0,0.0,0.1719745248556137,0.0,0.0,0.0,0.0,0.0,0.0,0.04458598792552948,0.0,0.0,0.0,0.0,0.08917197585105896,0.0,0.0,0.0,0.0,0.0,0.0,0.0,0.0,0.006369426846504211,0.0,0.0,0.0,0.0,0.0,0.03184713423252106,0.012738853693008423,0.019108280539512634,0.0,0.0,0.0,0.0,0.0,0.0,0.0,0.0,0.0,0.0,0.0,0.0,0.0,0.0,0.0,0.0,0.006369426846504211,0.0,0.0,0.0,0.0,0.0,0.0,0.0,0.0,0.0,0.0,0.0,0.0,0.0,0.0,0.0,0.0,0.0,0.0,0.0,0.0,0.0,0.0,0.0,0.0,0.0,0.0,0.0,0.0,0.0,0.006369426846504211,0.006369426846504211,0.07006369531154633,0.0,0.0,0.0,0.0,0.025477707386016846,0.0,0.0,0.0,0.0,0.0,0.0,0.0,0.08280254900455475,0.0,0.0,0.0,0.0,0.0,0.03184713423252106,0.0,0.0,0.0,0.019108280539512634,0.0,0.0,0.03184713423252106,0.0,0.006369426846504211,0.0,0.0,0.0,0.006369426846504211,0.012738853693008423,0.03821656107902527,0.0,0.0,0.0,0.0,0.0,0.0,0.0,0.0,0.0,0.006369426846504211,0.0,0.0,0.0,0.0,0.0,0.0,0.0,0.0,0.0,0.0,0.0,0.0,0.0,0.0,0.0,0.006369426846504211,0.0,0.03184713423252106,0.0,0.0,0.0,0.0,0.0,0.0,0.0,0.0,0.0,0.0,0.08917197585105896,0.0,0.0,0.0,0.0,0.0,0.0,0.0,0.0,0.0,0.0,0.0,0.0,0.0,0.0,0.0,0.0,0.0,0.0,0.0,0.0,0.0,0.0,0.0,0.0,0.0,0.0,0.0,0.0,0.0,0.0,0.0,0.0,0.0,0.0,0.0,0.0,0.0,0.012738853693008423,0.019108280539512634,0.0,0.0,0.0,0.0,0.0,0.0,0.0,0.0,0.0,0.0,0.0,0.0,0.0,0.0,0.0,0.0,0.0,0.0,0.0,0.0,0.0,0.0,0.0,0.0,0.0,0.0,0.0,0.0,0.0,0.0,0.0,0.0,0.0,0.0,0.0,0.006369426846504211,0.0,0.0,0.0,0.0,0.0,0.0,0.0,0.0,0.0,0.0,0.0,0.0,0.0,0.0,0.0,0.0,0.0,0.0,0.0,0.0,0.0,0.0,0.0,0.0,0.0,0.0,0.0,0.0,0.0,0.0,0.0,0.0,0.0
1780278304710024397,0,0,0.0,0.0,0.0,0.0,0.0,0.0,0.0,0.0,0.0,0.0,0.0,0.0,0.0,0.0,0.0,0.0,0.0,0.0,0.0,0.0,0.0,0.0,0.0,0.0,0.0,0.0,0.0,0.0,0.0,0.0,0.0,0.0,0.0,0.0,0.0,0.0,0.0,0.0,0.0,0.0,0.0,0.0,0.0,0.0,0.0,0.0,0.0,0.0,0.0,0.0,0.0,0.0,0.0,0.0,0.0,0.0,0.0,0.0,0.0,0.0,0.0,0.0,0.0,0.0,0.0,0.0,0.0,0.0,0.0,0.0,0.0,0.0,0.0,0.0,0.0,0.0,0.0,0.0,0.0,0.0,0.0,0.0,0.0,0.0,0.0,0.0,0.0,0.0,0.0,0.0,0.0,0.0,0.0,0.0,0.0,0.0,0.0,0.0,0.0,0.0,0.0,0.0,0.0,0.0,0.0,0.0,0.0,0.0,0.0,0.0,0.0,0.0,0.0,0.0,0.0,0.0,0.0,0.0,0.0,0.0,0.0,0.0,0.0,0.0,0.0,0.0,0.0,0.0,0.0,0.0,0.0,0.0,0.0,0.0,0.0,0.0,0.0,0.0,0.0,0.0,0.0,0.0,0.0,0.0,0.0,0.0,0.0,0.0,0.0,0.0,0.0,0.0,0.0,0.0,0.0,0.0,0.0,0.0,0.0,0.0,0.0,0.0,0.0,0.0,0.0,0.0,0.0,0.0,0.0,0.0,0.0,0.0,0.0,0.0,0.0,0.0,0.0,0.0,0.0,0.0,0.0,0.0,0.0,0.0,0.0,0.0,0.0,0.0,0.0,0.0,0.0,0.0,0.0,0.0,0.0,0.0,0.0,0.0,0.0,0.0,0.0,0.0,0.0,0.0,0.0,0.0,0.0,0.0,0.0,0.0,0.0,0.0,0.0,0.0,0.0,0.0,0.0,0.0,0.0,0.0,0.0,0.0,0.0,0.0,0.0,0.0,0.0,0.0,0.0,0.0,0.0,0.0,0.0,0.0,0.0,0.0,0.0,0.0,0.0,0.0,0.0,0.0,0.0,0.0,0.0,0.0,0.0,0.0,0.0,0.0,0.0,0.0,0.0,0.0,0.0,0.0,0.0,0.0,0.0,0.0,0.0,0.0,0.0,0.0,0.0,0.0,0.0,0.0,0.0,0.0,0.0,0.0,0.0,0.0,0.0,0.0,0.0,0.0,0.0,0.0,0.0,0.0,0.0,0.0,0.0,0.0,0.0,0.0,0.0,0.0,0.0,0.0,0.0,0.0,0.0,0.0,0.0,0.0,0.0,0.0,0.0,0.0,0.0,0.0,0.0,0.0,0.0,0.0,0.0,0.0,0.0,0.0,0.0,0.0,0.0,0.0,0.0,0.0,0.0,0.0,0.0,0.0,0.0,0.0,0.0,0.0,0.0
1780278309710024397,156,0,0.0,0.25641027092933655,0.03846153989434242,0.10256410390138626,0.0,0.11538461595773697,0.03846153989434242,0.012820512987673283,0.0,0.0,0.0,0.23076923191547394,0.0,0.0,0.0,0.0,0.0,0.0,0.0,0.0,0.06410256773233414,0.0,0.0,0.0,0.0,0.0,0.0,0.07692307978868484,0.0,0.0,0.0,0.0,0.0,0.0,0.0,0.0,0.0,0.0,0.0,0.0,0.0,0.0,0.0,0.0,0.0,0.0,0.0,0.0,0.0,0.0,0.0,0.0,0.0,0.025641025975346565,0.0,0.0,0.0,0.0,0.0,0.0,0.0,0.0,0.0,0.0,0.0,0.0,0.0,0.17307692766189575,0.0,0.0,0.0,0.0,0.0,0.0,0.044871795922517776,0.0,0.0,0.0,0.0,0.08974359184503555,0.0,0.0,0.0,0.0,0.0,0.0,0.0,0.0,0.006410256493836641,0.0,0.0,0.0,0.0,0.0,0.012820512987673283,0.025641025975346565,0.012820512987673283,0.0,0.0,0.0,0.0,0.0,0.0,0.0,0.0,0.0,0.0,0.0,0.0,0.0,0.0,0.012820512987673283,0.0,0.006410256493836641,0.0,0.0,0.0,0.0,0.0,0.0,0.0,0.0,0.0,0.0,0.0,0.0,0.0,0.0,0.0,0.0,0.0,0.0,0.0,0.0,0.0,0.0,0.0,0.0,0.0,0.0,0.0,0.0,0.0,0.0,0.0,0.07692307978868484,0.0,0.0,0.0,0.0,0.01923076994717121,0.0,0.0,0.0,0.0,0.0,0.0,0.0,0.07692307978868484,0.0,0.0,0.0,0.0,0.0,0.03205128386616707,0.0,0.0,0.0,0.01923076994717121,0.0,0.012820512987673283,0.03205128386616707,0.0,0.006410256493836641,0.0,0.0,0.0,0.0,0.01923076994717121,0.03846153989434242,0.006410256493836641,0.0,0.0,0.0,0.0,0.0,0.0,0.0,0.0,0.006410256493836641,0.0,0.0,0.0,0.0,0.0,0.0,0.0,0.0,0.0,0.0,0.0,0.0,0.0,0.0,0.0,0.0,0.0,0.03846153989434242,0.0,0.0,0.0,0.0,0.0,0.0,0.0,0.0,0.0,0.0,0.08974359184503555,0.0,0.0,0.0,0.0,0.0,0.0,0.0,0.0,0.0,0.0,0.0,0.0,0.0,0.0,0.0,0.0,0.0,0.0,0.0,0.0,0.0,0.0,0.0,0.0,0.0,0.0,0.0,0.0,0.0,0.0,0.0,0.0,0.0,0.0,0.0,0.0,0.0,0.025641025975346565,0.012820512987673283,0.0,0.0,0.0,0.0,0.0,0.0,0.0,0.0,0.0,0.0,0.0,0.0,0.0,0.0,0.0,0.0,0.0,0.0,0.0,0.0,0.0,0.0,0.0,0.0,0.0,0.0,0.0,0.0,0.0,0.0,0.0,0.0,0.0,0.0,0.0,0.0,0.0,0.0,0.0,0.0,0.0,0.0,0.0,0.0,0.0,0.0,0.0,0.0,0.0,0.0,0.0,0.0,0.0,0.0,0.0,0.0,0.0,0.0,0.0,0.0,0.0,0.0,0.0,0.0,0.0,0.0,0.0,0.0,0.0
1780278314710024397,132,0,0.0,0.24242424964904785,0.03030303120613098,0.0,0.0,0.09090909361839294,0.03030303120613098,0.0,0.0,0.0,0.0,0.05303030461072922,0.0,0.0,0.0,0.0,0.0,0.0,0.0,0.0,0.0,0.0,0.0,0.0,0.0,0.0,0.0,0.03030303120613098,0.0,0.0,0.0,0.0,0.0,0.0,0.0,0.0,0.0,0.0,0.1818181872367859,0.0,0.0,0.01515151560306549,0.0,0.0,0.09090909361839294,0.0,0.0,0.0,0.0,0.0,0.0,0.0,0.0,0.03030303120613098,0.0,0.0,0.0,0.0,0.0,0.0,0.0,0.0,0.0,0.0,0.0,0.0,0.0,0.1515151560306549,0.0,0.0,0.0,0.0,0.0,0.0,0.0,0.0,0.007575757801532745,0.0,0.0,0.022727273404598236,0.0,0.0,0.0,0.0,0.0,0.0,0.0,0.0,0.0,0.0,0.0,0.0,0.0,0.0,0.007575757801532745,0.0,0.01515151560306549,0.0,0.0,0.0,0.0,0.0,0.0,0.0,0.0,0.0,0.0,0.0,0.0,0.0,0.0,0.007575757801532745,0.0,0.0,0.0,0.0,0.0,0.0,0.0,0.0,0.0,0.0,0.0,0.0,0.0,0.0,0.0,0.0,0.0,0.0,0.0,0.0,0.0,0.0,0.0,0.0,0.0,0.0,0.0,0.0,0.0,0.0,0.0,0.0,0.0,0.022727273404598236,0.0,0.0,0.0,0.0,0.007575757801532745,0.0,0.007575757801532745,0.0,0.0,0.0,0.0,0.0,0.022727273404598236,0.0,0.0,0.0,0.0,0.0,0.0,0.0,0.0,0.0,0.007575757801532745,0.0,0.0,0.0,0.04545454680919647,0.0,0.0,0.0,0.0,0.007575757801532745,0.0,0.01515151560306549,0.0,0.0,0.0,0.0,0.0,0.0,0.0,0.0,0.0,0.0,0.0,0.0,0.0,0.0,0.0,0.0,0.0,0.0,0.0,0.0,0.0,0.0,0.0,0.0,0.0,0.0,0.0,0.01515151560306549,0.0,0.0,0.0,0.0,0.0,0.0,0.0,0.0,0.0,0.0,0.06060606241226196,0.0,0.0,0.0,0.0,0.0,0.0,0.0,0.0,0.0,0.0,0.0,0.0,0.0,0.0,0.0,0.0,0.0,0.0,0.0,0.0,0.0,0.0,0.0,0.0,0.0,0.0,0.0,0.0,0.0,0.0,0.0,0.0,0.0,0.0,0.0,0.0,0.007575757801532745,0.0,0.0,0.0,0.0,0.0,0.0,0.0,0.0,0.0,0.0,0.0,0.0,0.0,0.0,0.0,0.0,0.0,0.0,0.0,0.0,0.0,0.0,0.0,0.0,0.0,0.0,0.0,0.0,0.0,0.0,0.0,0.0,0.0,0.0,0.0,0.0,0.0,0.0,0.0,0.0,0.0,0.0,0.0,0.0,0.0,0.0,0.0,0.0,0.0,0.0,0.0,0.0,0.0,0.0,0.0,0.0,0.0,0.0,0.0,0.0,0.0,0.0,0.0,0.0,0.0,0.0,0.0,0.0,0.0,0.0,0.0
1780278319710024397,173,0,0.0,0.28901734948158264,0.04624277353286743,0.10404624044895172,0.0,0.09826589375734329,0.034682080149650574,0.011560693383216858,0.0,0.0,0.0,0.19075144827365875,0.0,0.0,0.0,0.0,0.0,0.0,0.0,0.0,0.06936416029930115,0.0,0.0,0.0,0.0,0.0,0.011560693383216858,0.080924853682518,0.0,0.0,0.0,0.0,0.0,0.0,0.0,0.0,0.0,0.0,0.0,0.0,0.0,0.0,0.0,0.0,0.0,0.0,0.0,0.0,0.0,0.0,0.0,0.0,0.0,0.023121386766433716,0.0,0.0,0.0,0.0,0.0,0.0,0.0,0.0,0.0,0.0,0.0,0.0,0.0,0.18497109413146973,0.0,0.0,0.0,0.0,0.0,0.0,0.04624277353286743,0.0,0.0,0.0,0.0,0.06936416029930115,0.0,0.0,0.0,0.0,0.0,0.0,0.0,0.0,0.005780346691608429,0.0,0.0,0.0,0.0,0.0,0.017341040074825287,0.017341040074825287,0.023121386766433716,0.0,0.0,0.0,0.0,0.0,0.0,0.0,0.0,0.0,0.0,0.0,0.005780346691608429,0.005780346691608429,0.0,0.005780346691608429,0.0,0.005780346691608429,0.0,0.0,0.0,0.0,0.0,0.0,0.0,0.0,0.0,0.0,0.0,0.0,0.0,0.0,0.0,0.0,0.0,0.0,0.0,0.0,0.0,0.0,0.0,0.0,0.0,0.0,0.0,0.0,0.0,0.0,0.0,0.04624277353286743,0.0,0.0,0.0,0.0,0.023121386766433716,0.0,0.0,0.0,0.0,0.0,0.0,0.0,0.06936416029930115,0.0,0.0,0.0,0.0,0.0,0.023121386766433716,0.0,0.0,0.0,0.017341040074825287,0.0,0.017341040074825287,0.034682080149650574,0.0,0.0,0.005780346691608429,0.0,0.0,0.005780346691608429,0.011560693383216858,0.040462426841259,0.011560693383216858,0.0,0.0,0.0,0.0,0.0,0.0,0.0,0.0,0.0,0.0,0.0,0.0,0.0,0.0,0.0,0.0,0.0,0.0,0.0,0.0,0.0,0.0,0.0,0.0,0.0,0.0,0.040462426841259,0.0,0.0,0.0,0.0,0.0,0.0,0.0,0.0,0.0,0.0,0.080924853682518,0.0,0.0,0.0,0.0,0.0,0.0,0.0,0.0,0.0,0.0,0.0,0.0,0.0,0.0,0.0,0.0,0.0,0.0,0.0,0.0,0.0,0.0,0.0,0.0,0.0,0.0,0.0,0.0,0.0,0.0,0.0,0.0,0.0,0.0,0.0,0.0,0.0,0.017341040074825287,0.017341040074825287,0.0,0.0,0.0,0.0,0.0,0.0,0.0,0.0,0.0,0.0,0.0,0.0,0.0,0.0,0.0,0.0,0.0,0.0,0.0,0.0,0.0,0.0,0.0,0.0,0.0,0.0,0.0,0.0,0.0,0.0,0.0,0.0,0.0,0.0,0.0,0.0,0.0,0.0,0.0,0.0,0.0,0.0,0.0,0.0,0.0,0.0,0.0,0.0,0.0,0.0,0.0,0.0,0.0,0.0,0.0,0.0,0.0,0.0,0.0,0.0,0.0,0.0,0.0,0.0,0.0,0.0,0.0,0.0,0.0
1780278324710024397,0,0,0.0,0.0,0.0,0.0,0.0,0.0,0.0,0.0,0.0,0.0,0.0,0.0,0.0,0.0,0.0,0.0,0.0,0.0,0.0,0.0,0.0,0.0,0.0,0.0,0.0,0.0,0.0,0.0,0.0,0.0,0.0,0.0,0.0,0.0,0.0,0.0,0.0,0.0,0.0,0.0,0.0,0.0,0.0,0.0,0.0,0.0,0.0,0.0,0.0,0.0,0.0,0.0,0.0,0.0,0.0,0.0,0.0,0.0,0.0,0.0,0.0,0.0,0.0,0.0,0.0,0.0,0.0,0.0,0.0,0.0,0.0,0.0,0.0,0.0,0.0,0.0,0.0,0.0,0.0,0.0,0.0,0.0,0.0,0.0,0.0,0.0,0.0,0.0,0.0,0.0,0.0,0.0,0.0,0.0,0.0,0.0,0.0,0.0,0.0,0.0,0.0,0.0,0.0,0.0,0.0,0.0,0.0,0.0,0.0,0.0,0.0,0.0,0.0,0.0,0.0,0.0,0.0,0.0,0.0,0.0,0.0,0.0,0.0,0.0,0.0,0.0,0.0,0.0,0.0,0.0,0.0,0.0,0.0,0.0,0.0,0.0,0.0,0.0,0.0,0.0,0.0,0.0,0.0,0.0,0.0,0.0,0.0,0.0,0.0,0.0,0.0,0.0,0.0,0.0,0.0,0.0,0.0,0.0,0.0,0.0,0.0,0.0,0.0,0.0,0.0,0.0,0.0,0.0,0.0,0.0,0.0,0.0,0.0,0.0,0.0,0.0,0.0,0.0,0.0,0.0,0.0,0.0,0.0,0.0,0.0,0.0,0.0,0.0,0.0,0.0,0.0,0.0,0.0,0.0,0.0,0.0,0.0,0.0,0.0,0.0,0.0,0.0,0.0,0.0,0.0,0.0,0.0,0.0,0.0,0.0,0.0,0.0,0.0,0.0,0.0,0.0,0.0,0.0,0.0,0.0,0.0,0.0,0.0,0.0,0.0,0.0,0.0,0.0,0.0,0.0,0.0,0.0,0.0,0.0,0.0,0.0,0.0,0.0,0.0,0.0,0.0,0.0,0.0,0.0,0.0,0.0,0.0,0.0,0.0,0.0,0.0,0.0,0.0,0.0,0.0,0.0,0.0,0.0,0.0,0.0,0.0,0.0,0.0,0.0,0.0,0.0,0.0,0.0,0.0,0.0,0.0,0.0,0.0,0.0,0.0,0.0,0.0,0.0,0.0,0.0,0.0,0.0,0.0,0.0,0.0,0.0,0.0,0.0,0.0,0.0,0.0,0.0,0.0,0.0,0.0,0.0,0.0,0.0,0.0,0.0,0.0,0.0,0.0,0.0,0.0,0.0,0.0,0.0,0.0,0.0,0.0,0.0,0.0,0.0,0.0,0.0,0.0,0.0,0.0,0.0,0.0,0.0,0.0,0.0,0.0,0.0,0.0
1780278329710024397,155,0,0.0,0.25806450843811035,0.03870967775583267,0.10322580486536026,0.0,0.10967741906642914,0.03870967775583267,0.012903225608170033,0.0,0.0,0.0,0.23225806653499603,0.0,0.0,0.0,0.0,0.0,0.0,0.0,0.0,0.06451612710952759,0.0,0.0,0.0,0.0,0.0,0.0,0.07741935551166534,0.0,0.0,0.0,0.0,0.0,0.0,0.0,0.0,0.0,0.0,0.0,0.0,0.0,0.0,0.0,0.0,0.0,0.0,0.0,0.0,0.0,0.0,0.0,0.0,0.0,0.025806451216340065,0.0,0.0,0.0,0.0,0.0,0.0,0.0,0.0,0.0,0.0,0.0,0.0,0.0,0.1548387110233307,0.0,0.0,0.0,0.0,0.0,0.0,0.05161290243268013,0.0,0.012903225608170033,0.0,0.0,0.0903225839138031,0.0,0.0,0.0,0.0,0.0,0.0,0.0,0.0,0.006451612804085016,0.0,0.0,0.0,0.0,0.0,0.019354838877916336,0.025806451216340065,0.012903225608170033,0.0,0.0,0.0,0.0,0.0,0.0,0.0,0.0,0.0,0.0,0.0,0.0,0.006451612804085016,0.0,0.006451612804085016,0.0,0.0,0.0,0.0,0.0,0.0,0.0,0.0,0.0,0.0,0.0,0.0,0.0,0.0,0.0,0.0,0.0,0.0,0.0,0.0,0.0,0.0,0.0,0.0,0.0,0.0,0.0,0.0,0.0,0.0,0.0,0.0,0.0,0.07741935551166534,0.0,0.0,0.0,0.0,0.012903225608170033,0.0,0.0,0.0,0.0,0.0,0.0,0.0,0.07096774131059647,0.0,0.0,0.0,0.0,0.012903225608170033,0.019354838877916336,0.0,0.0,0.0,0.025806451216340065,0.0,0.006451612804085016,0.032258063554763794,0.0,0.0,0.0,0.0,0.0,0.0,0.012903225608170033,0.032258063554763794,0.006451612804085016,0.0,0.0,0.0,0.0,0.0,0.0,0.006451612804085016,0.0,0.012903225608170033,0.0,0.0,0.0,0.0,0.0,0.0,0.0,0.0,0.0,0.0,0.0,0.0,0.0,0.0,0.0,0.006451612804085016,0.0,0.03870967775583267,0.0,0.0,0.0,0.0,0.0,0.0,0.0,0.0,0.0,0.0,0.07096774131059647,0.0,0.0,0.0,0.0,0.0,0.0,0.0,0.0,0.0,0.0,0.0,0.0,0.0,0.0,0.0,0.0,0.0,0.0,0.0,0.0,0.0,0.0,0.0,0.0,0.0,0.0,0.0,0.0,0.0,0.0,0.0,0.0,0.0,0.0,0.0,0.0,0.006451612804085016,0.019354838877916336,0.019354838877916336,0.006451612804085016,0.006451612804085016,0.0,0.0,0.0,0.0,0.0,0.0,0.0,0.0,0.0,0.0,0.0,0.0,0.0,0.0,0.0,0.0,0.0,0.0,0.0,0.0,0.0,0.0,0.0,0.0,0.0,0.0,0.0,0.0,0.0,0.0,0.0,0.0,0.0,0.0,0.0,0.0,0.0,0.0,0.0,0.0,0.0,0.0,0.0,0.0,0.0,0.0,0.0,0.0,0.0,0.0,0.0,0.0,0.0,0.0,0.0,0.0,0.0,0.0,0.0,0.0,0.0,0.0,0.0,0.0,0.0,0.0,0.0
1780278334710024397,0,0,0.0,0.0,0.0,0.0,0.0,0.0,0.0,0.0,0.0,0.0,0.0,0.0,0.0,0.0,0.0,0.0,0.0,0.0,0.0,0.0,0.0,0.0,0.0,0.0,0.0,0.0,0.0,0.0,0.0,0.0,0.0,0.0,0.0,0.0,0.0,0.0,0.0,0.0,0.0,0.0,0.0,0.0,0.0,0.0,0.0,0.0,0.0,0.0,0.0,0.0,0.0,0.0,0.0,0.0,0.0,0.0,0.0,0.0,0.0,0.0,0.0,0.0,0.0,0.0,0.0,0.0,0.0,0.0,0.0,0.0,0.0,0.0,0.0,0.0,0.0,0.0,0.0,0.0,0.0,0.0,0.0,0.0,0.0,0.0,0.0,0.0,0.0,0.0,0.0,0.0,0.0,0.0,0.0,0.0,0.0,0.0,0.0,0.0,0.0,0.0,0.0,0.0,0.0,0.0,0.0,0.0,0.0,0.0,0.0,0.0,0.0,0.0,0.0,0.0,0.0,0.0,0.0,0.0,0.0,0.0,0.0,0.0,0.0,0.0,0.0,0.0,0.0,0.0,0.0,0.0,0.0,0.0,0.0,0.0,0.0,0.0,0.0,0.0,0.0,0.0,0.0,0.0,0.0,0.0,0.0,0.0,0.0,0.0,0.0,0.0,0.0,0.0,0.0,0.0,0.0,0.0,0.0,0.0,0.0,0.0,0.0,0.0,0.0,0.0,0.0,0.0,0.0,0.0,0.0,0.0,0.0,0.0,0.0,0.0,0.0,0.0,0.0,0.0,0.0,0.0,0.0,0.0,0.0,0.0,0.0,0.0,0.0,0.0,0.0,0.0,0.0,0.0,0.0,0.0,0.0,0.0,0.0,0.0,0.0,0.0,0.0,0.0,0.0,0.0,0.0,0.0,0.0,0.0,0.0,0.0,0.0,0.0,0.0,0.0,0.0,0.0,0.0,0.0,0.0,0.0,0.0,0.0,0.0,0.0,0.0,0.0,0.0,0.0,0.0,0.0,0.0,0.0,0.0,0.0,0.0,0.0,0.0,0.0,0.0,0.0,0.0,0.0,0.0,0.0,0.0,0.0,0.0,0.0,0.0,0.0,0.0,0.0,0.0,0.0,0.0,0.0,0.0,0.0,0.0,0.0,0.0,0.0,0.0,0.0,0.0,0.0,0.0,0.0,0.0,0.0,0.0,0.0,0.0,0.0,0.0,0.0,0.0,0.0,0.0,0.0,0.0,0.0,0.0,0.0,0.0,0.0,0.0,0.0,0.0,0.0,0.0,0.0,0.0,0.0,0.0,0.0,0.0,0.0,0.0,0.0,0.0,0.0,0.0,0.0,0.0,0.0,0.0,0.0,0.0,0.0,0.0,0.0,0.0,0.0,0.0,0.0,0.0,0.0,0.0,0.0,0.0,0.0,0.0,0.0,0.0,0.0,0.0
1780278339710024397,3489,1,0.03725995868444443,0.48265978693962097,0.012037833221256733,0.014903984032571316,0.017770133912563324,0.06420177966356277,0.011464603245258331,0.006878762040287256,0.0,0.02006305567920208,0.028661508113145828,0.044998567551374435,0.0,0.003439381020143628,0.001719690510071814,0.019489824771881104,0.0,0.001719690510071814,0.0014330754056572914,0.0,0.005732301622629166,0.0020063056144863367,0.0011464603012427688,0.0011464603012427688,0.0002866150753106922,0.01089137326925993,0.005732301622629166,0.006592146586626768,0.02694181725382805,0.004299226216971874,0.0,0.019489824771881104,0.0,0.0,0.0,0.005445686634629965,0.0,0.0,0.0,0.0,0.0,0.0005732301506213844,0.0005732301506213844,0.0,0.0,0.0005732301506213844,0.0,0.0,0.0,0.0011464603012427688,0.0005732301506213844,0.004585841204971075,0.003439381020143628,0.003439381020143628,0.0,0.0,0.0,0.0,0.006878762040287256,0.0,0.0,0.0,0.001719690510071814,0.0,0.0,0.0183433648198843,0.0,0.43192893266677856,0.022355975583195686,0.0,0.0,0.0,0.0005732301506213844,0.009458297863602638,0.00831183698028326,0.0002866150753106922,0.004299226216971874,0.025508740916848183,0.0011464603012427688,0.014330754056572914,0.015190599486231804,0.005732301622629166,0.0,0.0,0.0,0.0025795355904847383,0.0,0.0,0.0002866150753106922,0.0,0.0,0.0,0.0,0.0,0.004585841204971075,0.0022929206024855375,0.007165377028286457,0.0,0.0005732301506213844,0.0,0.0022929206024855375,0.0002866150753106922,0.0,0.0,0.0,0.0,0.0,0.0002866150753106922,0.0005732301506213844,0.0005732301506213844,0.0,0.000859845255035907,0.0,0.000859845255035907,0.0,0.0,0.0,0.0,0.0,0.0,0.0002866150753106922,0.0,0.0,0.0,0.0,0.0,0.0,0.0002866150753106922,0.0002866150753106922,0.0,0.0,0.0,0.0,0.0,0.0,0.0,0.0,0.0,0.0002866150753106922,0.0002866150753106922,0.0,0.0,0.0002866150753106922,0.0002866150753106922,0.0,0.011464603245258331,0.0,0.0,0.0,0.0002866150753106922,0.0014330754056572914,0.0,0.0002866150753106922,0.0,0.0,0.0,0.0,0.0,0.014903984032571316,0.0,0.0,0.0,0.0,0.0005732301506213844,0.0014330754056572914,0.0,0.0,0.0,0.0020063056144863367,0.0,0.000859845255035907,0.0025795355904847383,0.0,0.00831183698028326,0.0011464603012427688,0.0,0.0,0.000859845255035907,0.0014330754056572914,0.0022929206024855375,0.0014330754056572914,0.0002866150753106922,0.0005732301506213844,0.0,0.0,0.0,0.0,0.0002866150753106922,0.0011464603012427688,0.0002866150753106922,0.0,0.0002866150753106922,0.0,0.0,0.0,0.0,0.0,0.0,0.0,0.0025795355904847383,0.0002866150753106922,0.0,0.000859845255035907,0.0,0.0,0.0,0.0,0.0031527657993137836,0.0,0.0002866150753106922,0.0,0.0,0.0,0.0002866150753106922,0.0014330754056572914,0.0014330754056572914,0.0011464603012427688,0.0,0.382344514131546,0.0,0.002866150811314583,0.0,0.0,0.0,0.0,0.0,0.0,0.0,0.0,0.0,0.008025222457945347,0.0005732301506213844,0.0,0.0,0.0,0.0,0.0022929206024855375,0.0005732301506213844,0.0,0.0,0.0,0.0022929206024855375,0.0,0.0,0.0,0.0020063056144863367,0.022355975583195686,0.0,0.0,0.0002866150753106922,0.0,0.0,0.0,0.0,0.0,0.004012611228972673,0.0022929206024855375,0.0014330754056572914,0.0,0.0,0.0,0.0,0.0022929206024855375,0.0,0.0,0.0,0.0,0.0,0.0,0.0,0.0,0.0,0.0,0.0,0.0,0.0,0.0002866150753106922,0.0,0.0,0.0002866150753106922,0.0,0.0,0.0,0.0002866150753106922,0.0,0.0,0.0,0.0,0.0,0.0,0.0,0.0,0.0,0.0005732301506213844,0.0,0.0,0.0,0.0,0.0,0.0002866150753106922,0.0,0.0,0.0,0.0,0.0,0.0,0.0,0.0,0.0002866150753106922,0.0,0.0,0.0,0.0,0.0,0.0,0.0,0.0,0.05503009632229805,0.0,0.0,0.0,0.0,0.0,0.0,0.0,0.0,0.0
1780278344710024397,0,1,0.0,0.0,0.0,0.0,0.0,0.0,0.0,0.0,0.0,0.0,0.0,0.0,0.0,0.0,0.0,0.0,0.0,0.0,0.0,0.0,0.0,0.0,0.0,0.0,0.0,0.0,0.0,0.0,0.0,0.0,0.0,0.0,0.0,0.0,0.0,0.0,0.0,0.0,0.0,0.0,0.0,0.0,0.0,0.0,0.0,0.0,0.0,0.0,0.0,0.0,0.0,0.0,0.0,0.0,0.0,0.0,0.0,0.0,0.0,0.0,0.0,0.0,0.0,0.0,0.0,0.0,0.0,0.0,0.0,0.0,0.0,0.0,0.0,0.0,0.0,0.0,0.0,0.0,0.0,0.0,0.0,0.0,0.0,0.0,0.0,0.0,0.0,0.0,0.0,0.0,0.0,0.0,0.0,0.0,0.0,0.0,0.0,0.0,0.0,0.0,0.0,0.0,0.0,0.0,0.0,0.0,0.0,0.0,0.0,0.0,0.0,0.0,0.0,0.0,0.0,0.0,0.0,0.0,0.0,0.0,0.0,0.0,0.0,0.0,0.0,0.0,0.0,0.0,0.0,0.0,0.0,0.0,0.0,0.0,0.0,0.0,0.0,0.0,0.0,0.0,0.0,0.0,0.0,0.0,0.0,0.0,0.0,0.0,0.0,0.0,0.0,0.0,0.0,0.0,0.0,0.0,0.0,0.0,0.0,0.0,0.0,0.0,0.0,0.0,0.0,0.0,0.0,0.0,0.0,0.0,0.0,0.0,0.0,0.0,0.0,0.0,0.0,0.0,0.0,0.0,0.0,0.0,0.0,0.0,0.0,0.0,0.0,0.0,0.0,0.0,0.0,0.0,0.0,0.0,0.0,0.0,0.0,0.0,0.0,0.0,0.0,0.0,0.0,0.0,0.0,0.0,0.0,0.0,0.0,0.0,0.0,0.0,0.0,0.0,0.0,0.0,0.0,0.0,0.0,0.0,0.0,0.0,0.0,0.0,0.0,0.0,0.0,0.0,0.0,0.0,0.0,0.0,0.0,0.0,0.0,0.0,0.0,0.0,0.0,0.0,0.0,0.0,0.0,0.0,0.0,0.0,0.0,0.0,0.0,0.0,0.0,0.0,0.0,0.0,0.0,0.0,0.0,0.0,0.0,0.0,0.0,0.0,0.0,0.0,0.0,0.0,0.0,0.0,0.0,0.0,0.0,0.0,0.0,0.0,0.0,0.0,0.0,0.0,0.0,0.0,0.0,0.0,0.0,0.0,0.0,0.0,0.0,0.0,0.0,0.0,0.0,0.0,0.0,0.0,0.0,0.0,0.0,0.0,0.0,0.0,0.0,0.0,0.0,0.0,0.0,0.0,0.0,0.0,0.0,0.0,0.0,0.0,0.0,0.0,0.0,0.0,0.0,0.0,0.0,0.0,0.0,0.0,0.0,0.0,0.0,0.0,0.0
1780278349710024397,138,1,0.0,0.28985506296157837,0.043478261679410934,0.11594203114509583,0.0,0.08695652335882187,0.043478261679410934,0.014492753893136978,0.0,0.0,0.0,0.17391304671764374,0.0,0.0,0.0,0.0,0.0,0.0,0.0,0.0,0.07246376574039459,0.0,0.0,0.0,0.0,0.0,0.0,0.08695652335882187,0.0,0.0,0.0,0.0,0.0,0.0,0.0,0.0,0.0,0.0,0.0,0.0,0.0,0.0,0.0,0.0,0.0,0.0,0.0,0.0,0.0,0.0,0.0,0.0,0.0,0.028985507786273956,0.0,0.0,0.0,0.0,0.0,0.0,0.0,0.0,0.0,0.0,0.0,0.0,0.0,0.19565217196941376,0.0,0.0,0.0,0.0,0.0,0.0,0.050724636763334274,0.0,0.007246376946568489,0.0,0.0,0.050724636763334274,0.0,0.0,0.0,0.0,0.0,0.0,0.0,0.0,0.007246376946568489,0.0,0.0,0.0,0.0,0.0,0.014492753893136978,0.028985507786273956,0.021739130839705467,0.0,0.0,0.0,0.0,0.0,0.0,0.0,0.0,0.0,0.0,0.0,0.0,0.0,0.0,0.0,0.0,0.007246376946568489,0.0,0.0,0.0,0.0,0.0,0.0,0.0,0.0,0.0,0.0,0.0,0.0,0.0,0.0,0.0,0.0,0.0,0.0,0.0,0.0,0.0,0.0,0.0,0.0,0.0,0.0,0.0,0.0,0.0,0.0,0.0,0.036231882870197296,0.0,0.0,0.0,0.0,0.036231882870197296,0.0,0.0,0.0,0.0,0.0,0.0,0.0,0.05797101557254791,0.0,0.0,0.0,0.0,0.0,0.028985507786273956,0.0,0.0,0.0,0.007246376946568489,0.0,0.028985507786273956,0.036231882870197296,0.0,0.0,0.0,0.0,0.0,0.0,0.014492753893136978,0.043478261679410934,0.007246376946568489,0.0,0.0,0.0,0.0,0.0,0.0,0.0,0.0,0.007246376946568489,0.0,0.0,0.0,0.0,0.0,0.0,0.0,0.0,0.0,0.0,0.0,0.0,0.0,0.0,0.0,0.0,0.0,0.043478261679410934,0.0,0.0,0.0,0.0,0.0,0.0,0.0,0.0,0.0,0.0,0.10144927352666855,0.0,0.0,0.0,0.0,0.0,0.0,0.0,0.0,0.0,0.0,0.0,0.0,0.0,0.0,0.0,0.0,0.0,0.0,0.0,0.0,0.0,0.0,0.0,0.0,0.0,0.0,0.0,0.0,0.0,0.0,0.0,0.0,0.0,0.0,0.0,0.0,0.007246376946568489,0.028985507786273956,0.014492753893136978,0.0,0.0,0.0,0.0,0.0,0.0,0.0,0.0,0.0,0.0,0.0,0.0,0.0,0.0,0.0,0.0,0.0,0.0,0.0,0.0,0.0,0.0,0.0,0.0,0.0,0.0,0.0,0.0,0.0,0.0,0.0,0.0,0.0,0.0,0.0,0.0,0.0,0.0,0.0,0.0,0.0,0.0,0.0,0.0,0.0,0.0,0.0,0.0,0.0,0.0,0.0,0.0,0.0,0.0,0.0,0.0,0.0,0.0,0.0,0.0,0.0,0.0,0.0,0.0,0.0,0.0,0.0,0.0,0.0
1780278354710024397,0,1,0.0,0.0,0.0,0.0,0.0,0.0,0.0,0.0,0.0,0.0,0.0,0.0,0.0,0.0,0.0,0.0,0.0,0.0,0.0,0.0,0.0,0.0,0.0,0.0,0.0,0.0,0.0,0.0,0.0,0.0,0.0,0.0,0.0,0.0,0.0,0.0,0.0,0.0,0.0,0.0,0.0,0.0,0.0,0.0,0.0,0.0,0.0,0.0,0.0,0.0,0.0,0.0,0.0,0.0,0.0,0.0,0.0,0.0,0.0,0.0,0.0,0.0,0.0,0.0,0.0,0.0,0.0,0.0,0.0,0.0,0.0,0.0,0.0,0.0,0.0,0.0,0.0,0.0,0.0,0.0,0.0,0.0,0.0,0.0,0.0,0.0,0.0,0.0,0.0,0.0,0.0,0.0,0.0,0.0,0.0,0.0,0.0,0.0,0.0,0.0,0.0,0.0,0.0,0.0,0.0,0.0,0.0,0.0,0.0,0.0,0.0,0.0,0.0,0.0,0.0,0.0,0.0,0.0,0.0,0.0,0.0,0.0,0.0,0.0,0.0,0.0,0.0,0.0,0.0,0.0,0.0,0.0,0.0,0.0,0.0,0.0,0.0,0.0,0.0,0.0,0.0,0.0,0.0,0.0,0.0,0.0,0.0,0.0,0.0,0.0,0.0,0.0,0.0,0.0,0.0,0.0,0.0,0.0,0.0,0.0,0.0,0.0,0.0,0.0,0.0,0.0,0.0,0.0,0.0,0.0,0.0,0.0,0.0,0.0,0.0,0.0,0.0,0.0,0.0,0.0,0.0,0.0,0.0,0.0,0.0,0.0,0.0,0.0,0.0,0.0,0.0,0.0,0.0,0.0,0.0,0.0,0.0,0.0,0.0,0.0,0.0,0.0,0.0,0.0,0.0,0.0,0.0,0.0,0.0,0.0,0.0,0.0,0.0,0.0,0.0,0.0,0.0,0.0,0.0,0.0,0.0,0.0,0.0,0.0,0.0,0.0,0.0,0.0,0.0,0.0,0.0,0.0,0.0,0.0,0.0,0.0,0.0,0.0,0.0,0.0,0.0,0.0,0.0,0.0,0.0,0.0,0.0,0.0,0.0,0.0,0.0,0.0,0.0,0.0,0.0,0.0,0.0,0.0,0.0,0.0,0.0,0.0,0.0,0.0,0.0,0.0,0.0,0.0,0.0,0.0,0.0,0.0,0.0,0.0,0.0,0.0,0.0,0.0,0.0,0.0,0.0,0.0,0.0,0.0,0.0,0.0,0.0,0.0,0.0,0.0,0.0,0.0,0.0,0.0,0.0,0.0,0.0,0.0,0.0,0.0,0.0,0.0,0.0,0.0,0.0,0.0,0.0,0.0,0.0,0.0,0.0,0.0,0.0,0.0,0.0,0.0,0.0,0.0,0.0,0.0,0.0,0.0,0.0,0.0,0.0,0.0,0.0
1780278359710024397,146,1,0.0,0.31506848335266113,0.04109589010477066,0.10958904027938843,0.0,0.08219178020954132,0.04109589010477066,0.013698630034923553,0.0,0.0,0.0,0.16438356041908264,0.0,0.0,0.0,0.0,0.0,0.0,0.0,0.0,0.06849315017461777,0.0,0.0,0.0,0.0,0.0,0.0,0.09589041024446487,0.0,0.0,0.0,0.0,0.0,0.0,0.0,0.0,0.0,0.0,0.0,0.0,0.0,0.0,0.0,0.0,0.0,0.0,0.0,0.0,0.0,0.0,0.0,0.0,0.0,0.027397260069847107,0.0,0.0,0.0,0.0,0.0,0.0,0.0,0.0,0.0,0.0,0.0,0.0,0.0,0.21917808055877686,0.0,0.0,0.0,0.0,0.0,0.0,0.054794520139694214,0.0,0.0,0.0,0.0,0.04109589010477066,0.0,0.0,0.0,0.0,0.0,0.0,0.0,0.0,0.006849315017461777,0.0,0.0,0.0,0.0,0.0,0.0,0.034246575087308884,0.02054794505238533,0.0,0.0,0.0,0.0,0.0,0.0,0.0,0.0,0.0,0.0,0.0,0.0,0.0,0.0,0.0,0.0,0.006849315017461777,0.0,0.0,0.0,0.0,0.0,0.0,0.0,0.0,0.0,0.0,0.0,0.0,0.0,0.0,0.0,0.0,0.0,0.0,0.0,0.0,0.0,0.0,0.0,0.0,0.0,0.0,0.0,0.0,0.0,0.0,0.0,0.04109589010477066,0.0,0.0,0.0,0.0,0.04109589010477066,0.0,0.0,0.0,0.0,0.0,0.0,0.0,0.054794520139694214,0.0,0.0,0.0,0.0,0.0,0.027397260069847107,0.0,0.0,0.0,0.006849315017461777,0.0,0.034246575087308884,0.034246575087308884,0.0,0.0,0.0,0.0,0.0,0.006849315017461777,0.013698630034923553,0.04794520512223244,0.006849315017461777,0.0,0.0,0.0,0.0,0.0,0.0,0.0,0.0,0.006849315017461777,0.0,0.0,0.0,0.0,0.0,0.0,0.0,0.0,0.0,0.0,0.0,0.0,0.0,0.0,0.0,0.0,0.0,0.04794520512223244,0.0,0.0,0.0,0.0,0.0,0.0,0.0,0.0,0.0,0.0,0.12328767031431198,0.0,0.0,0.0,0.0,0.0,0.0,0.0,0.0,0.0,0.0,0.0,0.0,0.0,0.0,0.0,0.0,0.0,0.0,0.0,0.0,0.0,0.0,0.0,0.0,0.0,0.0,0.0,0.0,0.0,0.0,0.0,0.0,0.0,0.0,0.0,0.0,0.0,0.034246575087308884,0.0,0.0,0.0,0.0,0.0,0.0,0.0,0.0,0.0,0.0,0.0,0.0,0.0,0.0,0.0,0.0,0.0,0.0,0.0,0.0,0.0,0.0,0.0,0.0,0.0,0.0,0.0,0.0,0.0,0.0,0.0,0.0,0.0,0.0,0.0,0.0,0.006849315017461777,0.0,0.0,0.0,0.0,0.0,0.0,0.0,0.0,0.0,0.0,0.0,0.0,0.0,0.0,0.0,0.0,0.0,0.0,0.0,0.0,0.0,0.0,0.0,0.0,0.0,0.0,0.0,0.0,0.0,0.0,0.0,0.0,0.0
1780278364710024397,0,1,0.0,0.0,0.0,0.0,0.0,0.0,0.0,0.0,0.0,0.0,0.0,0.0,0.0,0.0,0.0,0.0,0.0,0.0,0.0,0.0,0.0,0.0,0.0,0.0,0.0,0.0,0.0,0.0,0.0,0.0,0.0,0.0,0.0,0.0,0.0,0.0,0.0,0.0,0.0,0.0,0.0,0.0,0.0,0.0,0.0,0.0,0.0,0.0,0.0,0.0,0.0,0.0,0.0,0.0,0.0,0.0,0.0,0.0,0.0,0.0,0.0,0.0,0.0,0.0,0.0,0.0,0.0,0.0,0.0,0.0,0.0,0.0,0.0,0.0,0.0,0.0,0.0,0.0,0.0,0.0,0.0,0.0,0.0,0.0,0.0,0.0,0.0,0.0,0.0,0.0,0.0,0.0,0.0,0.0,0.0,0.0,0.0,0.0,0.0,0.0,0.0,0.0,0.0,0.0,0.0,0.0,0.0,0.0,0.0,0.0,0.0,0.0,0.0,0.0,0.0,0.0,0.0,0.0,0.0,0.0,0.0,0.0,0.0,0.0,0.0,0.0,0.0,0.0,0.0,0.0,0.0,0.0,0.0,0.0,0.0,0.0,0.0,0.0,0.0,0.0,0.0,0.0,0.0,0.0,0.0,0.0,0.0,0.0,0.0,0.0,0.0,0.0,0.0,0.0,0.0,0.0,0.0,0.0,0.0,0.0,0.0,0.0,0.0,0.0,0.0,0.0,0.0,0.0,0.0,0.0,0.0,0.0,0.0,0.0,0.0,0.0,0.0,0.0,0.0,0.0,0.0,0.0,0.0,0.0,0.0,0.0,0.0,0.0,0.0,0.0,0.0,0.0,0.0,0.0,0.0,0.0,0.0,0.0,0.0,0.0,0.0,0.0,0.0,0.0,0.0,0.0,0.0,0.0,0.0,0.0,0.0,0.0,0.0,0.0,0.0,0.0,0.0,0.0,0.0,0.0,0.0,0.0,0.0,0.0,0.0,0.0,0.0,0.0,0.0,0.0,0.0,0.0,0.0,0.0,0.0,0.0,0.0,0.0,0.0,0.0,0.0,0.0,0.0,0.0,0.0,0.0,0.0,0.0,0.0,0.0,0.0,0.0,0.0,0.0,0.0,0.0,0.0,0.0,0.0,0.0,0.0,0.0,0.0,0.0,0.0,0.0,0.0,0.0,0.0,0.0,0.0,0.0,0.0,0.0,0.0,0.0,0.0,0.0,0.0,0.0,0.0,0.0,0.0,0.0,0.0,0.0,0.0,0.0,0.0,0.0,0.0,0.0,0.0,0.0,0.0,0.0,0.0,0.0,0.0,0.0,0.0,0.0,0.0,0.0,0.0,0.0,0.0,0.0,0.0,0.0,0.0,0.0,0.0,0.0,0.0,0.0,0.0,0.0,0.0,0.0,0.0,0.0,0.0,0.0,0.0,0.0,0.0
1780278369710024397,188,1,0.0,0.27659574151039124,0.03191489353775978,0.08510638028383255,0.0,0.12765957415103912,0.03191489353775978,0.010638297535479069,0.0,0.0,0.0,0.25531914830207825,0.0,0.0,0.0,0.0,0.0,0.0,0.0,0.0,0.05319149047136307,0.0,0.0,0.0,0.0,0.0,0.0,0.06382978707551956,0.0,0.0,0.0,0.0,0.0,0.0,0.0,0.0,0.0,0.0,0.0,0.0,0.0,0.0,0.0,0.0,0.0,0.0,0.0,0.0,0.0,0.0,0.0,0.0,0.0,0.021276595070958138,0.0,0.0,0.0,0.0,0.0,0.0,0.0,0.0,0.0,0.0,0.0,0.010638297535479069,0.0,0.19148936867713928,0.0,0.0,0.0,0.0,0.0,0.0,0.042553190141916275,0.0,0.010638297535479069,0.0,0.0,0.11702127754688263,0.0,0.0,0.0,0.0,0.0,0.0,0.0,0.0,0.005319148767739534,0.0,0.0,0.0,0.0,0.0,0.026595745235681534,0.010638297535479069,0.01595744676887989,0.0,0.0,0.0,0.0,0.0,0.0,0.0,0.0,0.0,0.0,0.0,0.0,0.0,0.0,0.0,0.0,0.005319148767739534,0.0,0.0,0.0,0.0,0.0,0.0,0.0,0.0,0.0,0.0,0.0,0.0,0.0,0.0,0.0,0.0,0.0,0.0,0.0,0.0,0.0,0.0,0.0,0.0,0.0,0.0,0.0,0.0,0.0,0.0,0.005319148767739534,0.08510638028383255,0.0,0.0,0.0,0.0,0.010638297535479069,0.0,0.0,0.0,0.0,0.0,0.0,0.0,0.09574468433856964,0.0,0.0,0.0,0.0,0.0,0.021276595070958138,0.0,0.0,0.0,0.021276595070958138,0.0,0.005319148767739534,0.026595745235681534,0.0,0.0,0.0,0.0,0.0,0.005319148767739534,0.010638297535479069,0.03191489353775978,0.005319148767739534,0.0,0.0,0.0,0.0,0.0,0.0,0.0,0.0,0.005319148767739534,0.0,0.0,0.0,0.0,0.0,0.0,0.0,0.0,0.0,0.0,0.0,0.0,0.0,0.0,0.0,0.0,0.0,0.03191489353775978,0.0,0.0,0.0,0.0,0.0,0.0,0.0,0.0,0.0,0.0,0.10638298094272614,0.0,0.0,0.0,0.0,0.0,0.0,0.0,0.0,0.0,0.0,0.0,0.0,0.0,0.0,0.0,0.0,0.0,0.0,0.0,0.0,0.0,0.0,0.0,0.0,0.0,0.0,0.005319148767739534,0.0,0.0,0.0,0.0,0.0,0.0,0.0,0.0,0.0,0.010638297535479069,0.010638297535479069,0.026595745235681534,0.0,0.0,0.0,0.0,0.0,0.0,0.0,0.0,0.0,0.0,0.0,0.0,0.0,0.0,0.0,0.0,0.0,0.0,0.0,0.0,0.0,0.0,0.0,0.0,0.0,0.0,0.0,0.0,0.0,0.0,0.0,0.0,0.0,0.0,0.0,0.005319148767739534,0.0,0.0,0.0,0.0,0.0,0.0,0.0,0.0,0.0,0.0,0.0,0.0,0.0,0.0,0.0,0.0,0.0,0.0,0.0,0.0,0.0,0.0,0.0,0.0,0.0,0.0,0.0,0.0,0.0,0.0,0.0,0.0,0.0
1780278374710024397,0,1,0.0,0.0,0.0,0.0,0.0,0.0,0.0,0.0,0.0,0.0,0.0,0.0,0.0,0.0,0.0,0.0,0.0,0.0,0.0,0.0,0.0,0.0,0.0,0.0,0.0,0.0,0.0,0.0,0.0,0.0,0.0,0.0,0.0,0.0,0.0,0.0,0.0,0.0,0.0,0.0,0.0,0.0,0.0,0.0,0.0,0.0,0.0,0.0,0.0,0.0,0.0,0.0,0.0,0.0,0.0,0.0,0.0,0.0,0.0,0.0,0.0,0.0,0.0,0.0,0.0,0.0,0.0,0.0,0.0,0.0,0.0,0.0,0.0,0.0,0.0,0.0,0.0,0.0,0.0,0.0,0.0,0.0,0.0,0.0,0.0,0.0,0.0,0.0,0.0,0.0,0.0,0.0,0.0,0.0,0.0,0.0,0.0,0.0,0.0,0.0,0.0,0.0,0.0,0.0,0.0,0.0,0.0,0.0,0.0,0.0,0.0,0.0,0.0,0.0,0.0,0.0,0.0,0.0,0.0,0.0,0.0,0.0,0.0,0.0,0.0,0.0,0.0,0.0,0.0,0.0,0.0,0.0,0.0,0.0,0.0,0.0,0.0,0.0,0.0,0.0,0.0,0.0,0.0,0.0,0.0,0.0,0.0,0.0,0.0,0.0,0.0,0.0,0.0,0.0,0.0,0.0,0.0,0.0,0.0,0.0,0.0,0.0,0.0,0.0,0.0,0.0,0.0,0.0,0.0,0.0,0.0,0.0,0.0,0.0,0.0,0.0,0.0,0.0,0.0,0.0,0.0,0.0,0.0,0.0,0.0,0.0,0.0,0.0,0.0,0.0,0.0,0.0,0.0,0.0,0.0,0.0,0.0,0.0,0.0,0.0,0.0,0.0,0.0,0.0,0.0,0.0,0.0,0.0,0.0,0.0,0.0,0.0,0.0,0.0,0.0,0.0,0.0,0.0,0.0,0.0,0.0,0.0,0.0,0.0,0.0,0.0,0.0,0.0,0.0,0.0,0.0,0.0,0.0,0.0,0.0,0.0,0.0,0.0,0.0,0.0,0.0,0.0,0.0,0.0,0.0,0.0,0.0,0.0,0.0,0.0,0.0,0.0,0.0,0.0,0.0,0.0,0.0,0.0,0.0,0.0,0.0,0.0,0.0,0.0,0.0,0.0,0.0,0.0,0.0,0.0,0.0,0.0,0.0,0.0,0.0,0.0,0.0,0.0,0.0,0.0,0.0,0.0,0.0,0.0,0.0,0.0,0.0,0.0,0.0,0.0,0.0,0.0,0.0,0.0,0.0,0.0,0.0,0.0,0.0,0.0,0.0,0.0,0.0,0.0,0.0,0.0,0.0,0.0,0.0,0.0,0.0,0.0,0.0,0.0,0.0,0.0,0.0,0.0,0.0,0.0,0.0,0.0,0.0,0.0,0.0,0.0,0.0
1780278379710024397,169,1,0.0,0.23668639361858368,0.03550295904278755,0.09467455744743347,0.0,0.13609467446804047,0.03550295904278755,0.011834319680929184,0.0,0.0,0.0,0.26035502552986145,0.0,0.0,0.0,0.0,0.0,0.0,0.0,0.0,0.05917159840464592,0.0,0.0,0.0,0.0,0.0,0.0,0.0710059180855751,0.0,0.0,0.0,0.0,0.0,0.0,0.0,0.0,0.0,0.0,0.0,0.0,0.0,0.0,0.0,0.0,0.0,0.0,0.0,0.0,0.0,0.0,0.0,0.0,0.0,0.023668639361858368,0.0,0.0,0.0,0.0,0.0,0.0,0.0,0.0,0.0,0.0,0.0,0.0,0.0,0.15976330637931824,0.0,0.0,0.0,0.0,0.0,0.0,0.047337278723716736,0.0,0.0,0.0,0.0,0.12426035851240158,0.0,0.0,0.0,0.0,0.0,0.0,0.0,0.0,0.005917159840464592,0.0,0.0,0.0,0.0,0.0,0.023668639361858368,0.005917159840464592,0.017751479521393776,0.0,0.0,0.0,0.0,0.0,0.0,0.0,0.0,0.0,0.0,0.0,0.0,0.0,0.0,0.0,0.0,0.005917159840464592,0.0,0.0,0.0,0.0,0.0,0.0,0.0,0.0,0.0,0.0,0.0,0.0,0.0,0.0,0.0,0.0,0.0,0.0,0.0,0.0,0.0,0.0,0.0,0.0,0.0,0.0,0.0,0.0,0.0,0.0,0.0,0.10059171915054321,0.0,0.0,0.0,0.0,0.011834319680929184,0.0,0.0,0.0,0.0,0.0,0.0,0.0,0.09467455744743347,0.0,0.0,0.0,0.0,0.0,0.023668639361858368,0.0,0.0,0.0,0.023668639361858368,0.0,0.005917159840464592,0.02958579920232296,0.0,0.0,0.0,0.0,0.0,0.005917159840464592,0.011834319680929184,0.03550295904278755,0.005917159840464592,0.0,0.0,0.0,0.0,0.0,0.0,0.0,0.0,0.005917159840464592,0.0,0.0,0.0,0.0,0.0,0.0,0.0,0.0,0.0,0.0,0.0,0.0,0.0,0.0,0.0,0.0,0.0,0.03550295904278755,0.0,0.0,0.0,0.0,0.0,0.0,0.0,0.0,0.0,0.0,0.08284023404121399,0.0,0.0,0.0,0.0,0.0,0.0,0.0,0.0,0.0,0.0,0.0,0.0,0.0,0.0,0.0,0.0,0.0,0.0,0.0,0.0,0.0,0.0,0.0,0.0,0.0,0.0,0.0,0.0,0.0,0.0,0.0,0.0,0.0,0.0,0.0,0.0,0.0,0.005917159840464592,0.023668639361858368,0.0,0.0,0.0,0.0,0.0,0.0,0.0,0.0,0.0,0.0,0.0,0.0,0.0,0.0,0.0,0.0,0.0,0.0,0.0,0.0,0.0,0.0,0.0,0.0,0.0,0.0,0.0,0.0,0.0,0.0,0.0,0.0,0.0,0.0,0.0,0.005917159840464592,0.0,0.0,0.0,0.0,0.0,0.0,0.0,0.0,0.0,0.0,0.0,0.0,0.0,0.0,0.0,0.0,0.0,0.0,0.0,0.0,0.0,0.0,0.0,0.0,0.0,0.0,0.0,0.0,0.0,0.0,0.0,0.0,0.0
1780278384710024397,0,1,0.0,0.0,0.0,0.0,0.0,0.0,0.0,0.0,0.0,0.0,0.0,0.0,0.0,0.0,0.0,0.0,0.0,0.0,0.0,0.0,0.0,0.0,0.0,0.0,0.0,0.0,0.0,0.0,0.0,0.0,0.0,0.0,0.0,0.0,0.0,0.0,0.0,0.0,0.0,0.0,0.0,0.0,0.0,0.0,0.0,0.0,0.0,0.0,0.0,0.0,0.0,0.0,0.0,0.0,0.0,0.0,0.0,0.0,0.0,0.0,0.0,0.0,0.0,0.0,0.0,0.0,0.0,0.0,0.0,0.0,0.0,0.0,0.0,0.0,0.0,0.0,0.0,0.0,0.0,0.0,0.0,0.0,0.0,0.0,0.0,0.0,0.0,0.0,0.0,0.0,0.0,0.0,0.0,0.0,0.0,0.0,0.0,0.0,0.0,0.0,0.0,0.0,0.0,0.0,0.0,0.0,0.0,0.0,0.0,0.0,0.0,0.0,0.0,0.0,0.0,0.0,0.0,0.0,0.0,0.0,0.0,0.0,0.0,0.0,0.0,0.0,0.0,0.0,0.0,0.0,0.0,0.0,0.0,0.0,0.0,0.0,0.0,0.0,0.0,0.0,0.0,0.0,0.0,0.0,0.0,0.0,0.0,0.0,0.0,0.0,0.0,0.0,0.0,0.0,0.0,0.0,0.0,0.0,0.0,0.0,0.0,0.0,0.0,0.0,0.0,0.0,0.0,0.0,0.0,0.0,0.0,0.0,0.0,0.0,0.0,0.0,0.0,0.0,0.0,0.0,0.0,0.0,0.0,0.0,0.0,0.0,0.0,0.0,0.0,0.0,0.0,0.0,0.0,0.0,0.0,0.0,0.0,0.0,0.0,0.0,0.0,0.0,0.0,0.0,0.0,0.0,0.0,0.0,0.0,0.0,0.0,0.0,0.0,0.0,0.0,0.0,0.0,0.0,0.0,0.0,0.0,0.0,0.0,0.0,0.0,0.0,0.0,0.0,0.0,0.0,0.0,0.0,0.0,0.0,0.0,0.0,0.0,0.0,0.0,0.0,0.0,0.0,0.0,0.0,0.0,0.0,0.0,0.0,0.0,0.0,0.0,0.0,0.0,0.0,0.0,0.0,0.0,0.0,0.0,0.0,0.0,0.0,0.0,0.0,0.0,0.0,0.0,0.0,0.0,0.0,0.0,0.0,0.0,0.0,0.0,0.0,0.0,0.0,0.0,0.0,0.0,0.0,0.0,0.0,0.0,0.0,0.0,0.0,0.0,0.0,0.0,0.0,0.0,0.0,0.0,0.0,0.0,0.0,0.0,0.0,0.0,0.0,0.0,0.0,0.0,0.0,0.0,0.0,0.0,0.0,0.0,0.0,0.0,0.0,0.0,0.0,0.0,0.0,0.0,0.0,0.0,0.0,0.0,0.0,0.0,0.0,0.0
1780278389710024397,175,1,0.0,0.22857142984867096,0.034285712987184525,0.09142857044935226,0.0,0.1314285695552826,0.034285712987184525,0.011428571306169033,0.0,0.0,0.0,0.2857142984867096,0.0,0.0,0.0,0.0,0.0,0.0,0.0,0.0,0.05714285746216774,0.0,0.0,0.0,0.0,0.0,0.0,0.06857142597436905,0.0,0.0,0.0,0.0,0.0,0.0,0.0,0.0,0.0,0.0,0.0,0.0,0.0,0.0,0.0,0.0,0.0,0.0,0.0,0.0,0.0,0.0,0.0,0.0,0.0,0.022857142612338066,0.0,0.0,0.0,0.0,0.0,0.0,0.0,0.0,0.0,0.0,0.0,0.0,0.0,0.1542857140302658,0.0,0.0,0.0,0.0,0.0,0.0,0.03999999910593033,0.0,0.0,0.0,0.0,0.11999999731779099,0.0,0.0,0.0,0.0,0.0,0.0,0.0,0.0,0.0057142856530845165,0.0,0.0,0.0,0.0,0.0,0.022857142612338066,0.0057142856530845165,0.017142856493592262,0.0,0.0,0.0,0.0,0.0,0.0,0.0,0.0,0.0,0.0,0.0,0.0,0.0,0.0,0.0057142856530845165,0.0,0.0,0.0,0.0,0.0,0.0,0.0,0.0,0.0,0.0,0.0,0.0,0.0,0.0,0.0,0.0,0.0,0.0,0.0,0.0,0.0,0.0,0.0,0.0,0.0,0.0,0.0,0.0,0.0,0.0,0.0,0.0,0.0,0.09714286029338837,0.0,0.0,0.0,0.0,0.0057142856530845165,0.0,0.0,0.0,0.0,0.0,0.0,0.0,0.11999999731779099,0.0,0.0,0.0,0.0,0.0,0.022857142612338066,0.0,0.0,0.0,0.02857142873108387,0.0,0.0,0.02857142873108387,0.0,0.0057142856530845165,0.0,0.0,0.0,0.0,0.011428571306169033,0.034285712987184525,0.0057142856530845165,0.0,0.0,0.0,0.0,0.0,0.0,0.0,0.0,0.0057142856530845165,0.0,0.0,0.0,0.0,0.0,0.0,0.0,0.0,0.0,0.0,0.0,0.0,0.0,0.0,0.0,0.0,0.0,0.034285712987184525,0.0,0.0,0.0,0.0,0.0,0.0,0.0,0.0,0.0,0.0,0.07999999821186066,0.0,0.0,0.0,0.0,0.0,0.0,0.0,0.0,0.0,0.0,0.0,0.0,0.0,0.0,0.0,0.0,0.0,0.0,0.0,0.0,0.0,0.0,0.0,0.0,0.0,0.0,0.0,0.0,0.0,0.0,0.0,0.0,0.0,0.0,0.0,0.0,0.0,0.0057142856530845165,0.017142856493592262,0.0,0.0,0.0,0.0,0.0,0.0,0.0,0.0,0.0,0.0,0.0,0.0,0.0,0.0,0.0,0.0,0.0,0.0,0.0,0.0,0.0,0.0,0.0,0.0,0.0,0.0,0.0,0.0,0.0,0.0,0.0,0.0,0.0,0.0,0.0,0.0,0.0,0.0,0.0,0.0,0.0,0.0,0.0,0.0,0.0,0.0,0.0,0.0,0.0,0.0,0.0,0.0,0.0,0.0,0.0,0.0,0.0,0.0,0.0,0.0,0.0,0.0,0.0,0.0,0.0,0.0,0.0,0.0,0.0
1780278394710024397,0,1,0.0,0.0,0.0,0.0,0.0,0.0,0.0,0.0,0.0,0.0,0.0,0.0,0.0,0.0,0.0,0.0,0.0,0.0,0.0,0.0,0.0,0.0,0.0,0.0,0.0,0.0,0.0,0.0,0.0,0.0,0.0,0.0,0.0,0.0,0.0,0.0,0.0,0.0,0.0,0.0,0.0,0.0,0.0,0.0,0.0,0.0,0.0,0.0,0.0,0.0,0.0,0.0,0.0,0.0,0.0,0.0,0.0,0.0,0.0,0.0,0.0,0.0,0.0,0.0,0.0,0.0,0.0,0.0,0.0,0.0,0.0,0.0,0.0,0.0,0.0,0.0,0.0,0.0,0.0,0.0,0.0,0.0,0.0,0.0,0.0,0.0,0.0,0.0,0.0,0.0,0.0,0.0,0.0,0.0,0.0,0.0,0.0,0.0,0.0,0.0,0.0,0.0,0.0,0.0,0.0,0.0,0.0,0.0,0.0,0.0,0.0,0.0,0.0,0.0,0.0,0.0,0.0,0.0,0.0,0.0,0.0,0.0,0.0,0.0,0.0,0.0,0.0,0.0,0.0,0.0,0.0,0.0,0.0,0.0,0.0,0.0,0.0,0.0,0.0,0.0,0.0,0.0,0.0,0.0,0.0,0.0,0.0,0.0,0.0,0.0,0.0,0.0,0.0,0.0,0.0,0.0,0.0,0.0,0.0,0.0,0.0,0.0,0.0,0.0,0.0,0.0,0.0,0.0,0.0,0.0,0.0,0.0,0.0,0.0,0.0,0.0,0.0,0.0,0.0,0.0,0.0,0.0,0.0,0.0,0.0,0.0,0.0,0.0,0.0,0.0,0.0,0.0,0.0,0.0,0.0,0.0,0.0,0.0,0.0,0.0,0.0,0.0,0.0,0.0,0.0,0.0,0.0,0.0,0.0,0.0,0.0,0.0,0.0,0.0,0.0,0.0,0.0,0.0,0.0,0.0,0.0,0.0,0.0,0.0,0.0,0.0,0.0,0.0,0.0,0.0,0.0,0.0,0.0,0.0,0.0,0.0,0.0,0.0,0.0,0.0,0.0,0.0,0.0,0.0,0.0,0.0,0.0,0.0,0.0,0.0,0.0,0.0,0.0,0.0,0.0,0.0,0.0,0.0,0.0,0.0,0.0,0.0,0.0,0.0,0.0,0.0,0.0,0.0,0.0,0.0,0.0,0.0,0.0,0.0,0.0,0.0,0.0,0.0,0.0,0.0,0.0,0.0,0.0,0.0,0.0,0.0,0.0,0.0,0.0,0.0,0.0,0.0,0.0,0.0,0.0,0.0,0.0,0.0,0.0,0.0,0.0,0.0,0.0,0.0,0.0,0.0,0.0,0.0,0.0,0.0,0.0,0.0,0.0,0.0,0.0,0.0,0.0,0.0,0.0,0.0,0.0,0.0,0.0,0.0,0.0,0.0,0.0
1780278399710024397,166,1,0.0,0.2409638613462448,0.03614457696676254,0.09638553857803345,0.0,0.1204819306731224,0.03614457696676254,0.012048192322254181,0.0,0.0,0.0,0.2650602459907532,0.0,0.0,0.0,0.0,0.0,0.0,0.0,0.0,0.0602409653365612,0.0,0.0,0.0,0.0,0.0,0.0,0.07228915393352509,0.0,0.0,0.0,0.0,0.0,0.0,0.0,0.0,0.0,0.0,0.0,0.0,0.0,0.0,0.0,0.0,0.0,0.0,0.0,0.0,0.0,0.0,0.0,0.0,0.0,0.024096384644508362,0.0,0.0,0.0,0.0,0.0,0.0,0.0,0.0,0.0,0.0,0.0,0.0,0.0,0.16265060007572174,0.0,0.0,0.0,0.0,0.0,0.0,0.048192769289016724,0.0,0.0,0.0,0.0,0.09036144614219666,0.0,0.0,0.0,0.0,0.0,0.0,0.0,0.0,0.0060240961611270905,0.0,0.0,0.0,0.0,0.0,0.0060240961611270905,0.01807228848338127,0.012048192322254181,0.0,0.0,0.0,0.0,0.0,0.0,0.0,0.0,0.0,0.0,0.0,0.0,0.0,0.0,0.0,0.0,0.0060240961611270905,0.0,0.0,0.0,0.0,0.0,0.0,0.0,0.0,0.0,0.0,0.0,0.0,0.0,0.0,0.0,0.0,0.0,0.0,0.0,0.0,0.0,0.0,0.0,0.0,0.0,0.0,0.0,0.0,0.0060240961611270905,0.0,0.0,0.07831325381994247,0.0,0.0,0.0,0.0,0.01807228848338127,0.0060240961611270905,0.0,0.0,0.0,0.0,0.0,0.0,0.1265060305595398,0.0,0.0,0.0,0.0,0.0,0.024096384644508362,0.0,0.0,0.0,0.012048192322254181,0.0,0.01807228848338127,0.0301204826682806,0.0,0.0,0.0,0.0,0.0,0.012048192322254181,0.012048192322254181,0.03614457696676254,0.0060240961611270905,0.0,0.0,0.0,0.0,0.0,0.0,0.0,0.0,0.0,0.0,0.0,0.0,0.0,0.0,0.0,0.0,0.0,0.0,0.0,0.0,0.0,0.0,0.0,0.0,0.0,0.0,0.03614457696676254,0.0,0.0,0.0060240961611270905,0.0,0.0,0.0,0.0,0.0,0.0,0.0,0.08433734625577927,0.0,0.0,0.0,0.0,0.0,0.0,0.0,0.0,0.0,0.0,0.0,0.0,0.0,0.0,0.0,0.0,0.0,0.0,0.0,0.0,0.0,0.0,0.0,0.0,0.0,0.0,0.0,0.0,0.0,0.0,0.0,0.0,0.0,0.0,0.0,0.0,0.0,0.01807228848338127,0.0060240961611270905,0.0,0.0,0.0,0.0,0.0,0.0,0.0,0.0,0.0,0.0,0.0,0.0,0.0,0.0,0.0,0.0,0.0,0.0,0.0,0.0,0.0,0.0,0.0,0.0,0.0,0.0,0.0,0.0,0.0,0.0,0.0,0.0,0.0,0.0,0.0,0.0060240961611270905,0.0,0.0,0.0,0.0,0.0,0.0,0.0,0.0,0.0,0.0,0.0,0.0,0.0,0.0,0.0,0.0,0.0,0.0,0.0,0.0,0.0,0.0,0.0,0.0,0.0,0.0,0.0,0.0,0.0,0.0,0.0,0.0,0.0
1780278404710024397,0,1,0.0,0.0,0.0,0.0,0.0,0.0,0.0,0.0,0.0,0.0,0.0,0.0,0.0,0.0,0.0,0.0,0.0,0.0,0.0,0.0,0.0,0.0,0.0,0.0,0.0,0.0,0.0,0.0,0.0,0.0,0.0,0.0,0.0,0.0,0.0,0.0,0.0,0.0,0.0,0.0,0.0,0.0,0.0,0.0,0.0,0.0,0.0,0.0,0.0,0.0,0.0,0.0,0.0,0.0,0.0,0.0,0.0,0.0,0.0,0.0,0.0,0.0,0.0,0.0,0.0,0.0,0.0,0.0,0.0,0.0,0.0,0.0,0.0,0.0,0.0,0.0,0.0,0.0,0.0,0.0,0.0,0.0,0.0,0.0,0.0,0.0,0.0,0.0,0.0,0.0,0.0,0.0,0.0,0.0,0.0,0.0,0.0,0.0,0.0,0.0,0.0,0.0,0.0,0.0,0.0,0.0,0.0,0.0,0.0,0.0,0.0,0.0,0.0,0.0,0.0,0.0,0.0,0.0,0.0,0.0,0.0,0.0,0.0,0.0,0.0,0.0,0.0,0.0,0.0,0.0,0.0,0.0,0.0,0.0,0.0,0.0,0.0,0.0,0.0,0.0,0.0,0.0,0.0,0.0,0.0,0.0,0.0,0.0,0.0,0.0,0.0,0.0,0.0,0.0,0.0,0.0,0.0,0.0,0.0,0.0,0.0,0.0,0.0,0.0,0.0,0.0,0.0,0.0,0.0,0.0,0.0,0.0,0.0,0.0,0.0,0.0,0.0,0.0,0.0,0.0,0.0,0.0,0.0,0.0,0.0,0.0,0.0,0.0,0.0,0.0,0.0,0.0,0.0,0.0,0.0,0.0,0.0,0.0,0.0,0.0,0.0,0.0,0.0,0.0,0.0,0.0,0.0,0.0,0.0,0.0,0.0,0.0,0.0,0.0,0.0,0.0,0.0,0.0,0.0,0.0,0.0,0.0,0.0,0.0,0.0,0.0,0.0,0.0,0.0,0.0,0.0,0.0,0.0,0.0,0.0,0.0,0.0,0.0,0.0,0.0,0.0,0.0,0.0,0.0,0.0,0.0,0.0,0.0,0.0,0.0,0.0,0.0,0.0,0.0,0.0,0.0,0.0,0.0,0.0,0.0,0.0,0.0,0.0,0.0,0.0,0.0,0.0,0.0,0.0,0.0,0.0,0.0,0.0,0.0,0.0,0.0,0.0,0.0,0.0,0.0,0.0,0.0,0.0,0.0,0.0,0.0,0.0,0.0,0.0,0.0,0.0,0.0,0.0,0.0,0.0,0.0,0.0,0.0,0.0,0.0,0.0,0.0,0.0,0.0,0.0,0.0,0.0,0.0,0.0,0.0,0.0,0.0,0.0,0.0,0.0,0.0,0.0,0.0,0.0,0.0,0.0,0.0,0.0,0.0,0.0,0.0,0.0
1780278409710024397,169,1,0.0,0.23668639361858368,0.03550295904278755,0.09467455744743347,0.0,0.13609467446804047,0.03550295904278755,0.011834319680929184,0.0,0.0,0.0,0.26035502552986145,0.0,0.0,0.0,0.0,0.0,0.0,0.0,0.0,0.05917159840464592,0.0,0.0,0.0,0.0,0.0,0.0,0.0710059180855751,0.0,0.0,0.0,0.0,0.0,0.0,0.0,0.0,0.0,0.0,0.0,0.0,0.0,0.0,0.0,0.0,0.0,0.0,0.0,0.0,0.0,0.0,0.0,0.0,0.0,0.023668639361858368,0.0,0.0,0.0,0.0,0.0,0.0,0.0,0.0,0.0,0.0,0.0,0.0,0.0,0.15976330637931824,0.0,0.0,0.0,0.0,0.0,0.0,0.047337278723716736,0.0,0.0,0.0,0.0,0.11834319680929184,0.0,0.0,0.0,0.0,0.0,0.0,0.0,0.0,0.005917159840464592,0.0,0.0,0.0,0.0,0.0,0.023668639361858368,0.005917159840464592,0.017751479521393776,0.0,0.0,0.0,0.0,0.0,0.0,0.0,0.0,0.0,0.0,0.0,0.0,0.005917159840464592,0.0,0.0,0.0,0.005917159840464592,0.0,0.0,0.0,0.0,0.0,0.0,0.0,0.0,0.0,0.0,0.0,0.0,0.0,0.0,0.0,0.0,0.0,0.0,0.0,0.0,0.0,0.0,0.0,0.0,0.0,0.0,0.0,0.0,0.0,0.0,0.0,0.10650887340307236,0.0,0.0,0.0,0.0,0.011834319680929184,0.0,0.0,0.0,0.0,0.0,0.0,0.0,0.09467455744743347,0.0,0.0,0.0,0.0,0.0,0.017751479521393776,0.0,0.0,0.0,0.023668639361858368,0.0,0.0,0.02958579920232296,0.0,0.0,0.0,0.0,0.0,0.005917159840464592,0.011834319680929184,0.03550295904278755,0.005917159840464592,0.0,0.0,0.0,0.0,0.0,0.0,0.0,0.0,0.005917159840464592,0.0,0.0,0.0,0.0,0.0,0.0,0.0,0.0,0.0,0.0,0.0,0.0,0.0,0.0,0.0,0.005917159840464592,0.0,0.03550295904278755,0.0,0.0,0.0,0.0,0.0,0.0,0.0,0.0,0.0,0.0,0.08284023404121399,0.0,0.0,0.0,0.0,0.0,0.0,0.0,0.0,0.0,0.0,0.0,0.0,0.0,0.0,0.0,0.0,0.0,0.0,0.0,0.0,0.0,0.0,0.0,0.0,0.0,0.0,0.0,0.0,0.0,0.0,0.0,0.0,0.0,0.0,0.0,0.0,0.0,0.005917159840464592,0.023668639361858368,0.0,0.0,0.0,0.0,0.0,0.0,0.0,0.0,0.0,0.0,0.0,0.0,0.0,0.0,0.0,0.0,0.0,0.0,0.0,0.0,0.0,0.0,0.0,0.0,0.0,0.0,0.0,0.0,0.0,0.0,0.0,0.0,0.0,0.0,0.0,0.005917159840464592,0.0,0.0,0.0,0.0,0.0,0.0,0.0,0.0,0.0,0.0,0.0,0.0,0.0,0.0,0.0,0.0,0.0,0.0,0.0,0.0,0.0,0.0,0.0,0.0,0.0,0.0,0.0,0.0,0.0,0.0,0.0,0.0,0.0
1780278414710024397,0,1,0.0,0.0,0.0,0.0,0.0,0.0,0.0,0.0,0.0,0.0,0.0,0.0,0.0,0.0,0.0,0.0,0.0,0.0,0.0,0.0,0.0,0.0,0.0,0.0,0.0,0.0,0.0,0.0,0.0,0.0,0.0,0.0,0.0,0.0,0.0,0.0,0.0,0.0,0.0,0.0,0.0,0.0,0.0,0.0,0.0,0.0,0.0,0.0,0.0,0.0,0.0,0.0,0.0,0.0,0.0,0.0,0.0,0.0,0.0,0.0,0.0,0.0,0.0,0.0,0.0,0.0,0.0,0.0,0.0,0.0,0.0,0.0,0.0,0.0,0.0,0.0,0.0,0.0,0.0,0.0,0.0,0.0,0.0,0.0,0.0,0.0,0.0,0.0,0.0,0.0,0.0,0.0,0.0,0.0,0.0,0.0,0.0,0.0,0.0,0.0,0.0,0.0,0.0,0.0,0.0,0.0,0.0,0.0,0.0,0.0,0.0,0.0,0.0,0.0,0.0,0.0,0.0,0.0,0.0,0.0,0.0,0.0,0.0,0.0,0.0,0.0,0.0,0.0,0.0,0.0,0.0,0.0,0.0,0.0,0.0,0.0,0.0,0.0,0.0,0.0,0.0,0.0,0.0,0.0,0.0,0.0,0.0,0.0,0.0,0.0,0.0,0.0,0.0,0.0,0.0,0.0,0.0,0.0,0.0,0.0,0.0,0.0,0.0,0.0,0.0,0.0,0.0,0.0,0.0,0.0,0.0,0.0,0.0,0.0,0.0,0.0,0.0,0.0,0.0,0.0,0.0,0.0,0.0,0.0,0.0,0.0,0.0,0.0,0.0,0.0,0.0,0.0,0.0,0.0,0.0,0.0,0.0,0.0,0.0,0.0,0.0,0.0,0.0,0.0,0.0,0.0,0.0,0.0,0.0,0.0,0.0,0.0,0.0,0.0,0.0,0.0,0.0,0.0,0.0,0.0,0.0,0.0,0.0,0.0,0.0,0.0,0.0,0.0,0.0,0.0,0.0,0.0,0.0,0.0,0.0,0.0,0.0,0.0,0.0,0.0,0.0,0.0,0.0,0.0,0.0,0.0,0.0,0.0,0.0,0.0,0.0,0.0,0.0,0.0,0.0,0.0,0.0,0.0,0.0,0.0,0.0,0.0,0.0,0.0,0.0,0.0,0.0,0.0,0.0,0.0,0.0,0.0,0.0,0.0,0.0,0.0,0.0,0.0,0.0,0.0,0.0,0.0,0.0,0.0,0.0,0.0,0.0,0.0,0.0,0.0,0.0,0.0,0.0,0.0,0.0,0.0,0.0,0.0,0.0,0.0,0.0,0.0,0.0,0.0,0.0,0.0,0.0,0.0,0.0,0.0,0.0,0.0,0.0,0.0,0.0,0.0,0.0,0.0,0.0,0.0,0.0,0.0,0.0,0.0,0.0,0.0,0.0
1780278419710024397,181,1,0.0,0.2541436553001404,0.033149171620607376,0.09944751113653183,0.0,0.11602210253477097,0.033149171620607376,0.01104972418397665,0.0,0.0,0.0,0.2541436553001404,0.0,0.0,0.0,0.0,0.0,0.0,0.0,0.0,0.06629834324121475,0.0,0.0,0.0,0.0,0.0,0.0,0.07734806835651398,0.0,0.0,0.0,0.0,0.0,0.0,0.0,0.0,0.0,0.0,0.0,0.0,0.0,0.0,0.0,0.0,0.0,0.0,0.0,0.0,0.0,0.0,0.0,0.0,0.0,0.0220994483679533,0.0,0.0,0.0,0.0,0.0,0.0,0.0,0.0,0.0,0.0,0.0,0.0,0.0,0.16022099554538727,0.0,0.0,0.0,0.0,0.0,0.0,0.03867403417825699,0.0,0.005524862091988325,0.0,0.0,0.0883977934718132,0.0,0.0,0.0,0.0,0.0,0.0,0.0,0.0,0.005524862091988325,0.0,0.0,0.0,0.0,0.0,0.016574585810303688,0.027624309062957764,0.016574585810303688,0.0,0.0,0.0,0.0,0.0,0.0,0.0,0.0,0.0,0.0,0.0,0.0,0.0,0.0,0.005524862091988325,0.0,0.01104972418397665,0.0,0.0,0.0,0.0,0.0,0.0,0.0,0.0,0.0,0.0,0.0,0.0,0.0,0.0,0.0,0.0,0.0,0.0,0.0,0.0,0.0,0.0,0.0,0.0,0.0,0.0,0.0,0.0,0.005524862091988325,0.0,0.0,0.07734806835651398,0.0,0.0,0.0,0.0,0.01104972418397665,0.0,0.0,0.0,0.0,0.0,0.0,0.0,0.09392265230417252,0.0,0.0,0.0,0.0,0.0,0.027624309062957764,0.0,0.0,0.0,0.016574585810303688,0.0,0.01104972418397665,0.027624309062957764,0.0,0.005524862091988325,0.0,0.0,0.0,0.0,0.016574585810303688,0.03867403417825699,0.005524862091988325,0.0,0.0,0.0,0.0,0.0,0.0,0.0,0.0,0.005524862091988325,0.0,0.0,0.0,0.0,0.0,0.0,0.0,0.0,0.0,0.005524862091988325,0.0,0.0,0.0,0.0,0.0,0.0,0.0,0.03867403417825699,0.0,0.0,0.0,0.0,0.0,0.0,0.0,0.0,0.0,0.0,0.06629834324121475,0.0,0.0,0.0,0.0,0.0,0.0,0.0,0.0,0.0,0.0,0.0,0.0,0.0,0.0,0.0,0.0,0.0,0.0,0.0,0.0,0.0,0.0,0.0,0.0,0.0,0.0,0.0,0.0,0.0,0.0,0.0,0.0,0.0,0.0,0.0,0.0,0.005524862091988325,0.027624309062957764,0.01104972418397665,0.0,0.005524862091988325,0.0,0.0,0.0,0.0,0.0,0.0,0.0,0.0,0.0,0.0,0.0,0.0,0.0,0.0,0.0,0.0,0.0,0.0,0.0,0.0,0.0,0.0,0.0,0.0,0.0,0.0,0.0,0.0,0.0,0.0,0.0,0.0,0.0,0.0,0.0,0.0,0.0,0.0,0.0,0.0,0.0,0.0,0.0,0.0,0.0,0.0,0.0,0.0,0.0,0.0,0.0,0.0,0.0,0.0,0.0,0.0,0.0,0.0,0.0,0.0,0.0,0.0,0.0,0.0,0.0,0.0,0.0
1780278424710024397,0,1,0.0,0.0,0.0,0.0,0.0,0.0,0.0,0.0,0.0,0.0,0.0,0.0,0.0,0.0,0.0,0.0,0.0,0.0,0.0,0.0,0.0,0.0,0.0,0.0,0.0,0.0,0.0,0.0,0.0,0.0,0.0,0.0,0.0,0.0,0.0,0.0,0.0,0.0,0.0,0.0,0.0,0.0,0.0,0.0,0.0,0.0,0.0,0.0,0.0,0.0,0.0,0.0,0.0,0.0,0.0,0.0,0.0,0.0,0.0,0.0,0.0,0.0,0.0,0.0,0.0,0.0,0.0,0.0,0.0,0.0,0.0,0.0,0.0,0.0,0.0,0.0,0.0,0.0,0.0,0.0,0.0,0.0,0.0,0.0,0.0,0.0,0.0,0.0,0.0,0.0,0.0,0.0,0.0,0.0,0.0,0.0,0.0,0.0,0.0,0.0,0.0,0.0,0.0,0.0,0.0,0.0,0.0,0.0,0.0,0.0,0.0,0.0,0.0,0.0,0.0,0.0,0.0,0.0,0.0,0.0,0.0,0.0,0.0,0.0,0.0,0.0,0.0,0.0,0.0,0.0,0.0,0.0,0.0,0.0,0.0,0.0,0.0,0.0,0.0,0.0,0.0,0.0,0.0,0.0,0.0,0.0,0.0,0.0,0.0,0.0,0.0,0.0,0.0,0.0,0.0,0.0,0.0,0.0,0.0,0.0,0.0,0.0,0.0,0.0,0.0,0.0,0.0,0.0,0.0,0.0,0.0,0.0,0.0,0.0,0.0,0.0,0.0,0.0,0.0,0.0,0.0,0.0,0.0,0.0,0.0,0.0,0.0,0.0,0.0,0.0,0.0,0.0,0.0,0.0,0.0,0.0,0.0,0.0,0.0,0.0,0.0,0.0,0.0,0.0,0.0,0.0,0.0,0.0,0.0,0.0,0.0,0.0,0.0,0.0,0.0,0.0,0.0,0.0,0.0,0.0,0.0,0.0,0.0,0.0,0.0,0.0,0.0,0.0,0.0,0.0,0.0,0.0,0.0,0.0,0.0,0.0,0.0,0.0,0.0,0.0,0.0,0.0,0.0,0.0,0.0,0.0,0.0,0.0,0.0,0.0,0.0,0.0,0.0,0.0,0.0,0.0,0.0,0.0,0.0,0.0,0.0,0.0,0.0,0.0,0.0,0.0,0.0,0.0,0.0,0.0,0.0,0.0,0.0,0.0,0.0,0.0,0.0,0.0,0.0,0.0,0.0,0.0,0.0,0.0,0.0,0.0,0.0,0.0,0.0,0.0,0.0,0.0,0.0,0.0,0.0,0.0,0.0,0.0,0.0,0.0,0.0,0.0,0.0,0.0,0.0,0.0,0.0,0.0,0.0,0.0,0.0,0.0,0.0,0.0,0.0,0.0,0.0,0.0,0.0,0.0,0.0,0.0,0.0,0.0,0.0,0.0,0.0
1780278429710024397,173,1,0.0,0.3005780279636383,0.034682080149650574,0.09248554706573486,0.0,0.10982658714056015,0.034682080149650574,0.011560693383216858,0.0,0.0,0.0,0.23121386766433716,0.0,0.0,0.0,0.0,0.0,0.0,0.0,0.0,0.05780346691608429,0.0,0.0,0.0,0.0,0.0,0.0,0.06936416029930115,0.0,0.0,0.0,0.0,0.0,0.0,0.0,0.0,0.0,0.0,0.0,0.0,0.0,0.0,0.0,0.0,0.0,0.0,0.0,0.0,0.0,0.0,0.0,0.0,0.0,0.023121386766433716,0.0,0.0,0.0,0.0,0.0,0.0,0.0,0.0,0.0,0.0,0.0,0.0,0.0,0.19653178751468658,0.0,0.0,0.0,0.0,0.0,0.0,0.04624277353286743,0.0,0.011560693383216858,0.0,0.0,0.08670520037412643,0.0,0.0,0.0,0.0,0.0,0.0,0.0,0.0,0.005780346691608429,0.0,0.0,0.0,0.0,0.0,0.017341040074825287,0.023121386766433716,0.017341040074825287,0.0,0.0,0.0,0.0,0.0,0.0,0.0,0.0,0.0,0.0,0.0,0.0,0.0,0.0,0.0,0.0,0.005780346691608429,0.0,0.0,0.0,0.0,0.0,0.0,0.0,0.0,0.0,0.0,0.0,0.0,0.0,0.0,0.0,0.0,0.0,0.0,0.0,0.0,0.0,0.0,0.0,0.0,0.0,0.0,0.0,0.0,0.0,0.0,0.011560693383216858,0.06358381360769272,0.0,0.0,0.0,0.0,0.011560693383216858,0.0,0.0,0.0,0.0,0.0,0.0,0.0,0.08670520037412643,0.0,0.0,0.0,0.0,0.0,0.023121386766433716,0.0,0.0,0.0,0.017341040074825287,0.0,0.011560693383216858,0.028901733458042145,0.0,0.0,0.0,0.0,0.0,0.005780346691608429,0.011560693383216858,0.034682080149650574,0.005780346691608429,0.0,0.0,0.0,0.0,0.0,0.0,0.0,0.0,0.005780346691608429,0.0,0.0,0.0,0.0,0.0,0.0,0.0,0.0,0.0,0.011560693383216858,0.0,0.0,0.0,0.0,0.0,0.0,0.0,0.040462426841259,0.0,0.0,0.0,0.0,0.0,0.0,0.0,0.0,0.0,0.0,0.10982658714056015,0.0,0.0,0.0,0.0,0.0,0.0,0.0,0.0,0.0,0.0,0.0,0.0,0.0,0.0,0.0,0.0,0.0,0.0,0.0,0.0,0.0,0.0,0.0,0.0,0.0,0.0,0.0,0.0,0.0,0.0,0.0,0.0,0.0,0.0,0.0,0.0,0.011560693383216858,0.017341040074825287,0.011560693383216858,0.0,0.005780346691608429,0.0,0.0,0.0,0.0,0.0,0.0,0.0,0.0,0.0,0.0,0.0,0.0,0.0,0.0,0.0,0.0,0.0,0.0,0.0,0.0,0.0,0.0,0.0,0.0,0.0,0.0,0.0,0.0,0.0,0.0,0.0,0.0,0.0,0.005780346691608429,0.0,0.0,0.0,0.0,0.0,0.0,0.0,0.0,0.0,0.0,0.0,0.0,0.0,0.0,0.0,0.0,0.0,0.0,0.0,0.0,0.0,0.0,0.0,0.0,0.0,0.0,0.0,0.0,0.0,0.0,0.0,0.0,0.0
1780278434710024397,94,1,0.0,0.25531914830207825,0.042553190141916275,0.0,0.0,0.08510638028383255,0.042553190141916275,0.0,0.0,0.0,0.0,0.07446808367967606,0.0,0.0,0.0,0.0,0.0,0.0,0.0,0.0,0.0,0.0,0.0,0.0,0.0,0.0,0.0,0.042553190141916275,0.0,0.0,0.0,0.0,0.0,0.0,0.0,0.0,0.0,0.0,0.12765957415103912,0.0,0.0,0.021276595070958138,0.0,0.0,0.06382978707551956,0.0,0.0,0.0,0.0,0.0,0.0,0.0,0.0,0.042553190141916275,0.0,0.0,0.0,0.0,0.0,0.0,0.0,0.0,0.0,0.0,0.0,0.0,0.0,0.1702127605676651,0.0,0.0,0.0,0.0,0.0,0.0,0.0,0.0,0.010638297535479069,0.0,0.0,0.03191489353775978,0.0,0.0,0.0,0.0,0.0,0.0,0.0,0.0,0.0,0.0,0.0,0.0,0.0,0.0,0.010638297535479069,0.0,0.021276595070958138,0.0,0.0,0.0,0.0,0.0,0.0,0.0,0.0,0.0,0.0,0.0,0.0,0.0,0.0,0.010638297535479069,0.0,0.0,0.0,0.0,0.0,0.0,0.0,0.0,0.0,0.0,0.0,0.0,0.0,0.0,0.0,0.0,0.0,0.0,0.0,0.0,0.0,0.0,0.0,0.0,0.0,0.0,0.0,0.0,0.0,0.0,0.0,0.0,0.0,0.03191489353775978,0.0,0.0,0.0,0.0,0.010638297535479069,0.0,0.010638297535479069,0.0,0.0,0.0,0.0,0.0,0.03191489353775978,0.0,0.0,0.0,0.0,0.0,0.0,0.0,0.0,0.0,0.010638297535479069,0.0,0.0,0.0,0.03191489353775978,0.0,0.0,0.0,0.0,0.010638297535479069,0.0,0.021276595070958138,0.0,0.0,0.0,0.0,0.0,0.0,0.0,0.0,0.0,0.0,0.0,0.0,0.0,0.0,0.0,0.0,0.0,0.0,0.0,0.0,0.0,0.0,0.0,0.0,0.0,0.0,0.0,0.021276595070958138,0.0,0.0,0.0,0.0,0.0,0.0,0.0,0.0,0.0,0.0,0.08510638028383255,0.0,0.0,0.0,0.0,0.0,0.0,0.0,0.0,0.0,0.0,0.0,0.0,0.0,0.0,0.0,0.0,0.0,0.0,0.0,0.0,0.0,0.0,0.0,0.0,0.0,0.0,0.0,0.0,0.0,0.0,0.0,0.0,0.0,0.0,0.0,0.0,0.010638297535479069,0.0,0.0,0.0,0.0,0.0,0.0,0.0,0.0,0.0,0.0,0.0,0.0,0.0,0.0,0.0,0.0,0.0,0.0,0.0,0.0,0.0,0.0,0.0,0.0,0.0,0.0,0.0,0.0,0.0,0.0,0.0,0.0,0.0,0.0,0.0,0.0,0.0,0.0,0.0,0.0,0.0,0.0,0.0,0.0,0.0,0.0,0.0,0.0,0.0,0.0,0.0,0.0,0.0,0.0,0.0,0.0,0.0,0.0,0.0,0.0,0.0,0.0,0.0,0.0,0.0,0.0,0.0,0.0,0.0,0.0,0.0
1780278439710024397,237,1,0.0,0.24472573399543762,0.03375527262687683,0.07594936341047287,0.0,0.13080169260501862,0.025316456332802773,0.008438818156719208,0.0,0.0,0.0,0.2067510485649109,0.0,0.0,0.0,0.0,0.0,0.0,0.0,0.0,0.050632912665605545,0.0,0.0,0.0,0.0,0.0,0.008438818156719208,0.05907173082232475,0.0,0.0,0.0,0.0,0.0,0.0,0.0,0.0,0.0,0.0,0.050632912665605545,0.0,0.0,0.0,0.0,0.0,0.025316456332802773,0.0,0.0,0.0,0.0,0.0,0.0,0.0,0.0,0.016877636313438416,0.0,0.0,0.0,0.0,0.0,0.0,0.0,0.0,0.0,0.0,0.0,0.0,0.0,0.15611813962459564,0.0,0.0,0.0,0.0,0.0,0.0,0.037974681705236435,0.0,0.0,0.0,0.0,0.1054852306842804,0.0,0.0,0.0,0.0,0.0,0.0,0.0,0.0,0.004219409078359604,0.0,0.0,0.0,0.0,0.0,0.02109704725444317,0.0,0.016877636313438416,0.0,0.0,0.0,0.0,0.0,0.0,0.0,0.0,0.0,0.0,0.0,0.0,0.0,0.0,0.0,0.0,0.004219409078359604,0.0,0.0,0.0,0.0,0.0,0.0,0.0,0.0,0.0,0.0,0.0,0.0,0.0,0.0,0.0,0.0,0.0,0.0,0.0,0.0,0.0,0.0,0.0,0.0,0.0,0.0,0.0,0.0,0.0,0.0,0.0,0.08016877621412277,0.0,0.0,0.0,0.0,0.008438818156719208,0.0,0.0,0.0,0.0,0.0,0.0,0.0,0.07594936341047287,0.0,0.0,0.0,0.0,0.0,0.016877636313438416,0.0,0.0,0.0,0.02109704725444317,0.0,0.004219409078359604,0.025316456332802773,0.012658228166401386,0.0,0.004219409078359604,0.0,0.0,0.004219409078359604,0.008438818156719208,0.029535865411162376,0.008438818156719208,0.0,0.0,0.0,0.0,0.0,0.0,0.0,0.0,0.004219409078359604,0.0,0.0,0.0,0.0,0.0,0.0,0.0,0.0,0.0,0.0,0.0,0.0,0.0,0.0,0.0,0.0,0.0,0.029535865411162376,0.0,0.0,0.0,0.0,0.0,0.0,0.0,0.0,0.0,0.0,0.06751054525375366,0.0,0.0,0.0,0.0,0.0,0.0,0.0,0.0,0.0,0.0,0.0,0.0,0.0,0.0,0.0,0.0,0.0,0.0,0.0,0.0,0.0,0.0,0.0,0.0,0.0,0.0,0.0,0.0,0.0,0.0,0.0,0.0,0.0,0.0,0.0,0.0,0.0,0.0,0.02109704725444317,0.0,0.0,0.0,0.0,0.0,0.0,0.0,0.0,0.0,0.0,0.0,0.0,0.0,0.0,0.0,0.0,0.0,0.0,0.0,0.0,0.0,0.0,0.0,0.0,0.0,0.0,0.0,0.0,0.0,0.0,0.0,0.0,0.0,0.0,0.0,0.004219409078359604,0.0,0.0,0.0,0.0,0.0,0.0,0.0,0.0,0.0,0.0,0.0,0.0,0.0,0.0,0.0,0.0,0.0,0.0,0.0,0.0,0.0,0.0,0.0,0.0,0.0,0.0,0.0,0.0,0.0,0.0,0.0,0.0,0.0
1780278444710024397,0,1,0.0,0.0,0.0,0.0,0.0,0.0,0.0,0.0,0.0,0.0,0.0,0.0,0.0,0.0,0.0,0.0,0.0,0.0,0.0,0.0,0.0,0.0,0.0,0.0,0.0,0.0,0.0,0.0,0.0,0.0,0.0,0.0,0.0,0.0,0.0,0.0,0.0,0.0,0.0,0.0,0.0,0.0,0.0,0.0,0.0,0.0,0.0,0.0,0.0,0.0,0.0,0.0,0.0,0.0,0.0,0.0,0.0,0.0,0.0,0.0,0.0,0.0,0.0,0.0,0.0,0.0,0.0,0.0,0.0,0.0,0.0,0.0,0.0,0.0,0.0,0.0,0.0,0.0,0.0,0.0,0.0,0.0,0.0,0.0,0.0,0.0,0.0,0.0,0.0,0.0,0.0,0.0,0.0,0.0,0.0,0.0,0.0,0.0,0.0,0.0,0.0,0.0,0.0,0.0,0.0,0.0,0.0,0.0,0.0,0.0,0.0,0.0,0.0,0.0,0.0,0.0,0.0,0.0,0.0,0.0,0.0,0.0,0.0,0.0,0.0,0.0,0.0,0.0,0.0,0.0,0.0,0.0,0.0,0.0,0.0,0.0,0.0,0.0,0.0,0.0,0.0,0.0,0.0,0.0,0.0,0.0,0.0,0.0,0.0,0.0,0.0,0.0,0.0,0.0,0.0,0.0,0.0,0.0,0.0,0.0,0.0,0.0,0.0,0.0,0.0,0.0,0.0,0.0,0.0,0.0,0.0,0.0,0.0,0.0,0.0,0.0,0.0,0.0,0.0,0.0,0.0,0.0,0.0,0.0,0.0,0.0,0.0,0.0,0.0,0.0,0.0,0.0,0.0,0.0,0.0,0.0,0.0,0.0,0.0,0.0,0.0,0.0,0.0,0.0,0.0,0.0,0.0,0.0,0.0,0.0,0.0,0.0,0.0,0.0,0.0,0.0,0.0,0.0,0.0,0.0,0.0,0.0,0.0,0.0,0.0,0.0,0.0,0.0,0.0,0.0,0.0,0.0,0.0,0.0,0.0,0.0,0.0,0.0,0.0,0.0,0.0,0.0,0.0,0.0,0.0,0.0,0.0,0.0,0.0,0.0,0.0,0.0,0.0,0.0,0.0,0.0,0.0,0.0,0.0,0.0,0.0,0.0,0.0,0.0,0.0,0.0,0.0,0.0,0.0,0.0,0.0,0.0,0.0,0.0,0.0,0.0,0.0,0.0,0.0,0.0,0.0,0.0,0.0,0.0,0.0,0.0,0.0,0.0,0.0,0.0,0.0,0.0,0.0,0.0,0.0,0.0,0.0,0.0,0.0,0.0,0.0,0.0,0.0,0.0,0.0,0.0,0.0,0.0,0.0,0.0,0.0,0.0,0.0,0.0,0.0,0.0,0.0,0.0,0.0,0.0,0.0,0.0,0.0,0.0,0.0,0.0,0.0
1780278449710024397,176,1,0.0,0.22727273404598236,0.034090910106897354,0.09090909361839294,0.0,0.14772726595401764,0.034090910106897354,0.011363636702299118,0.0,0.0,0.0,0.27272728085517883,0.0,0.0,0.0,0.0,0.0,0.0,0.0,0.0,0.05681818351149559,0.0,0.0,0.0,0.0,0.0,0.0,0.06818182021379471,0.0,0.0,0.0,0.0,0.0,0.0,0.0,0.0,0.0,0.0,0.0,0.0,0.0,0.0,0.0,0.0,0.0,0.0,0.0,0.0,0.0,0.0,0.0,0.0,0.0,0.022727273404598236,0.0,0.0,0.0,0.0,0.0,0.0,0.0,0.0,0.0,0.0,0.0,0.0,0.0,0.15340909361839294,0.0,0.0,0.0,0.0,0.0,0.0,0.04545454680919647,0.0,0.0,0.0,0.0,0.14204545319080353,0.0,0.0,0.0,0.0,0.0,0.0,0.0,0.0,0.005681818351149559,0.0,0.0,0.0,0.0,0.0,0.028409091755747795,0.0,0.017045455053448677,0.0,0.0,0.0,0.0,0.0,0.0,0.0,0.0,0.0,0.0,0.0,0.0,0.0,0.0,0.0,0.0,0.005681818351149559,0.0,0.0,0.0,0.0,0.0,0.0,0.0,0.0,0.0,0.0,0.0,0.0,0.0,0.0,0.0,0.0,0.0,0.0,0.0,0.0,0.0,0.0,0.0,0.0,0.0,0.0,0.0,0.0,0.0,0.0,0.0,0.11363636702299118,0.0,0.0,0.0,0.0,0.005681818351149559,0.0,0.0,0.0,0.0,0.0,0.0,0.0,0.09659090638160706,0.0,0.0,0.0,0.0,0.0,0.022727273404598236,0.0,0.0,0.0,0.028409091755747795,0.0,0.0,0.028409091755747795,0.0,0.0,0.0,0.0,0.0,0.005681818351149559,0.011363636702299118,0.034090910106897354,0.005681818351149559,0.0,0.0,0.0,0.0,0.0,0.0,0.0,0.0,0.005681818351149559,0.0,0.0,0.0,0.0,0.0,0.0,0.0,0.0,0.0,0.0,0.0,0.0,0.0,0.0,0.0,0.0,0.0,0.034090910106897354,0.0,0.0,0.0,0.0,0.0,0.0,0.0,0.0,0.0,0.0,0.07954545319080353,0.0,0.0,0.0,0.0,0.0,0.0,0.0,0.0,0.0,0.0,0.0,0.0,0.0,0.0,0.0,0.0,0.0,0.0,0.0,0.0,0.0,0.0,0.0,0.0,0.0,0.0,0.0,0.0,0.0,0.0,0.0,0.0,0.0,0.0,0.0,0.0,0.0,0.0,0.028409091755747795,0.0,0.0,0.0,0.0,0.0,0.0,0.0,0.0,0.0,0.0,0.0,0.0,0.0,0.0,0.0,0.0,0.0,0.0,0.0,0.0,0.0,0.0,0.0,0.0,0.0,0.0,0.0,0.0,0.0,0.0,0.0,0.0,0.0,0.0,0.0,0.005681818351149559,0.0,0.0,0.0,0.0,0.0,0.0,0.0,0.0,0.0,0.0,0.0,0.0,0.0,0.0,0.0,0.0,0.0,0.0,0.0,0.0,0.0,0.0,0.0,0.0,0.0,0.0,0.0,0.0,0.0,0.0,0.0,0.0,0.0
1780278454710024397,0,1,0.0,0.0,0.0,0.0,0.0,0.0,0.0,0.0,0.0,0.0,0.0,0.0,0.0,0.0,0.0,0.0,0.0,0.0,0.0,0.0,0.0,0.0,0.0,0.0,0.0,0.0,0.0,0.0,0.0,0.0,0.0,0.0,0.0,0.0,0.0,0.0,0.0,0.0,0.0,0.0,0.0,0.0,0.0,0.0,0.0,0.0,0.0,0.0,0.0,0.0,0.0,0.0,0.0,0.0,0.0,0.0,0.0,0.0,0.0,0.0,0.0,0.0,0.0,0.0,0.0,0.0,0.0,0.0,0.0,0.0,0.0,0.0,0.0,0.0,0.0,0.0,0.0,0.0,0.0,0.0,0.0,0.0,0.0,0.0,0.0,0.0,0.0,0.0,0.0,0.0,0.0,0.0,0.0,0.0,0.0,0.0,0.0,0.0,0.0,0.0,0.0,0.0,0.0,0.0,0.0,0.0,0.0,0.0,0.0,0.0,0.0,0.0,0.0,0.0,0.0,0.0,0.0,0.0,0.0,0.0,0.0,0.0,0.0,0.0,0.0,0.0,0.0,0.0,0.0,0.0,0.0,0.0,0.0,0.0,0.0,0.0,0.0,0.0,0.0,0.0,0.0,0.0,0.0,0.0,0.0,0.0,0.0,0.0,0.0,0.0,0.0,0.0,0.0,0.0,0.0,0.0,0.0,0.0,0.0,0.0,0.0,0.0,0.0,0.0,0.0,0.0,0.0,0.0,0.0,0.0,0.0,0.0,0.0,0.0,0.0,0.0,0.0,0.0,0.0,0.0,0.0,0.0,0.0,0.0,0.0,0.0,0.0,0.0,0.0,0.0,0.0,0.0,0.0,0.0,0.0,0.0,0.0,0.0,0.0,0.0,0.0,0.0,0.0,0.0,0.0,0.0,0.0,0.0,0.0,0.0,0.0,0.0,0.0,0.0,0.0,0.0,0.0,0.0,0.0,0.0,0.0,0.0,0.0,0.0,0.0,0.0,0.0,0.0,0.0,0.0,0.0,0.0,0.0,0.0,0.0,0.0,0.0,0.0,0.0,0.0,0.0,0.0,0.0,0.0,0.0,0.0,0.0,0.0,0.0,0.0,0.0,0.0,0.0,0.0,0.0,0.0,0.0,0.0,0.0,0.0,0.0,0.0,0.0,0.0,0.0,0.0,0.0,0.0,0.0,0.0,0.0,0.0,0.0,0.0,0.0,0.0,0.0,0.0,0.0,0.0,0.0,0.0,0.0,0.0,0.0,0.0,0.0,0.0,0.0,0.0,0.0,0.0,0.0,0.0,0.0,0.0,0.0,0.0,0.0,0.0,0.0,0.0,0.0,0.0,0.0,0.0,0.0,0.0,0.0,0.0,0.0,0.0,0.0,0.0,0.0,0.0,0.0,0.0,0.0,0.0,0.0,0.0,0.0,0.0,0.0,0.0,0.0
1780278459710024397,175,1,0.0,0.22857142984867096,0.034285712987184525,0.09142857044935226,0.0,0.1428571492433548,0.034285712987184525,0.011428571306169033,0.0,0.0,0.0,0.2742857038974762,0.0,0.0,0.0,0.0,0.0,0.0,0.0,0.0,0.05714285746216774,0.0,0.0,0.0,0.0,0.0,0.0,0.06857142597436905,0.0,0.0,0.0,0.0,0.0,0.0,0.0,0.0,0.0,0.0,0.0,0.0,0.0,0.0,0.0,0.0,0.0,0.0,0.0,0.0,0.0,0.0,0.0,0.0,0.0,0.022857142612338066,0.0,0.0,0.0,0.0,0.0,0.0,0.0,0.0,0.0,0.0,0.0,0.0,0.0,0.1542857140302658,0.0,0.0,0.0,0.0,0.0,0.0,0.04571428522467613,0.0,0.0,0.0,0.0,0.1371428519487381,0.0,0.0,0.0,0.0,0.0,0.0,0.0,0.0,0.0057142856530845165,0.0,0.0,0.0,0.0,0.0,0.02857142873108387,0.0,0.017142856493592262,0.0,0.0,0.0,0.0,0.0,0.0,0.0,0.0,0.0,0.0,0.0,0.0,0.0,0.0,0.0,0.0,0.0057142856530845165,0.0,0.0,0.0,0.0,0.0,0.0,0.0,0.0,0.0,0.0,0.0,0.0,0.0,0.0,0.0,0.0,0.0,0.0,0.0,0.0,0.0,0.0,0.0,0.0,0.0,0.0,0.0,0.0,0.0,0.0,0.0,0.10857142508029938,0.0,0.0,0.0,0.0,0.0057142856530845165,0.0,0.0,0.0,0.0,0.0,0.0,0.0,0.10285714268684387,0.0,0.0,0.0,0.0,0.0,0.022857142612338066,0.0,0.0,0.0,0.02857142873108387,0.0,0.0,0.02857142873108387,0.0,0.0,0.0,0.0,0.0,0.0057142856530845165,0.011428571306169033,0.034285712987184525,0.0057142856530845165,0.0,0.0,0.0,0.0,0.0,0.0,0.0,0.0,0.0057142856530845165,0.0,0.0,0.0,0.0,0.0,0.0,0.0,0.0,0.0,0.0,0.0,0.0,0.0,0.0,0.0,0.0,0.0,0.034285712987184525,0.0,0.0,0.0,0.0,0.0,0.0,0.0,0.0,0.0,0.0,0.07999999821186066,0.0,0.0,0.0,0.0,0.0,0.0,0.0,0.0,0.0,0.0,0.0,0.0,0.0,0.0,0.0,0.0,0.0,0.0,0.0,0.0,0.0,0.0,0.0,0.0,0.0,0.0,0.0,0.0,0.0,0.0,0.0,0.0,0.0,0.0,0.0,0.0,0.0,0.0,0.02857142873108387,0.0,0.0,0.0,0.0,0.0,0.0,0.0,0.0,0.0,0.0,0.0,0.0,0.0,0.0,0.0,0.0,0.0,0.0,0.0,0.0,0.0,0.0,0.0,0.0,0.0,0.0,0.0,0.0,0.0,0.0,0.0,0.0,0.0,0.0,0.0,0.0057142856530845165,0.0,0.0,0.0,0.0,0.0,0.0,0.0,0.0,0.0,0.0,0.0,0.0,0.0,0.0,0.0,0.0,0.0,0.0,0.0,0.0,0.0,0.0,0.0,0.0,0.0,0.0,0.0,0.0,0.0,0.0,0.0,0.0,0.0
